business_age,annual_revenue,monthly_cash_flow,existing_loan,repayment_history,gst_consistency,profit_margin,transaction_count,payment_defaults,loan_amount,debt_to_income,loan_default
7,4030415,229700,1201507,50,76,20.23,768,7,1470096,0.3,1
20,2485221,297249,1278989,70,74,28.39,600,9,1756008,0.51,1
15,3710043,351974,1490194,72,53,12.93,715,8,1104869,0.4,1
11,4508760,341301,1187910,58,81,16.15,649,9,706304,0.26,1
8,3670431,359379,146626,50,66,29.93,199,8,1279180,0.04,1
7,4271867,256514,1129375,70,50,28.1,802,8,563110,0.26,1
19,4112487,274491,235018,71,82,34.14,621,3,1360393,0.06,0
11,1618060,236094,999529,53,79,34.88,619,8,440881,0.62,1
11,4428087,319794,1327873,50,54,12.22,102,3,168677,0.3,1
4,4428456,158182,1107929,100,61,32.01,551,1,1664460,0.25,0
8,4839022,203242,576380,59,87,7.84,638,9,1130436,0.12,1
3,348725,192873,243907,64,81,26.29,860,2,1540660,0.7,0
2,691215,134926,155355,85,87,11.6,520,1,1241465,0.22,0
12,2468693,91147,1488221,78,66,14.01,367,0,701294,0.6,0
6,4124152,320279,972461,95,94,33.39,291,5,1558347,0.24,0
2,1108017,29199,28887,54,89,12.89,350,3,1595797,0.03,0
1,521898,373727,1487964,78,81,25.2,629,6,195133,2.85,1
12,885338,193208,790787,96,73,10.34,940,6,1440810,0.89,0
12,3702415,364434,1344421,96,61,7.8,763,9,539551,0.36,0
17,254745,230868,172606,76,96,15.18,906,0,1672103,0.68,0
10,1883032,130787,251420,74,80,23.73,588,8,1436196,0.13,1
16,2318219,124427,978778,65,68,12.44,680,7,1082279,0.42,1
15,2348185,158063,536567,65,78,14.01,408,9,1999012,0.23,1
15,245256,163625,645026,85,70,26.26,990,0,817833,2.63,1
19,702264,230782,663621,74,75,8.08,766,7,1144750,0.94,1
12,3546145,97493,659834,90,77,18.41,156,4,1747333,0.19,0
20,1139695,284915,420141,50,66,33.25,798,0,1057809,0.37,0
3,2383955,135607,344318,54,58,16.91,760,3,487638,0.14,0
5,1452390,256834,220079,90,70,18.03,380,6,1224226,0.15,0
19,2415995,89876,1291527,69,99,27.15,852,4,327880,0.53,0
7,679809,177071,204470,54,83,28.37,978,2,930089,0.3,0
9,2850432,212959,1354444,85,60,28.09,301,3,1009702,0.48,0
7,4375282,331792,409336,78,69,34.94,221,1,461406,0.09,0
18,3717847,253722,1181683,97,98,7.14,763,7,1311506,0.32,0
4,1967413,347927,624559,83,99,34.47,550,1,1005790,0.32,0
14,4538586,54440,591676,97,96,33.51,35,5,534519,0.13,0
18,2773697,41655,1100911,67,88,30.56,587,6,1020985,0.4,1
9,3800952,53039,43315,51,65,18.62,888,6,1473561,0.01,1
2,2171277,327399,891354,65,78,31.13,133,0,632219,0.41,0
20,1144740,82219,1357347,78,50,11.62,87,7,1255527,1.19,1
15,3246555,196061,1450095,82,67,28.75,609,8,1727558,0.45,1
7,1396311,283388,49334,65,71,10.56,49,6,370779,0.04,0
12,4644041,104594,186964,84,57,29.46,538,7,407396,0.04,0
8,342157,330739,1240844,96,56,23.44,927,3,307715,3.63,1
15,2487319,180623,1088302,92,74,7.94,683,7,815114,0.44,1
3,4988109,204302,206823,91,79,31.86,894,2,431161,0.04,0
14,1662603,376042,772333,66,83,22.34,41,0,253149,0.46,0
17,1475029,300515,817126,53,93,24.69,450,7,1760640,0.55,1
4,3220791,169950,162325,98,97,13.51,49,5,1483932,0.05,0
18,336645,177229,679590,53,90,31.15,975,8,434691,2.02,1
8,1852131,15914,1233622,100,60,21.36,698,2,549077,0.67,0
4,1386837,224772,1458717,74,64,17.63,679,7,1820990,1.05,1
2,542221,299324,789097,82,84,21.03,429,8,154565,1.46,1
6,2635919,352363,289169,63,72,26.1,68,8,1203729,0.11,1
10,1379580,350760,416749,73,94,25.85,344,6,589496,0.3,1
4,253687,237561,963401,60,70,15.73,507,9,249740,3.8,1
18,2690272,197435,518982,74,77,16.56,317,2,1137632,0.19,0
12,2829137,105213,1331718,77,62,21.87,793,2,1058563,0.47,0
2,4998757,47805,1036484,56,83,32.73,200,1,545155,0.21,0
10,4075010,136599,323392,98,87,27.36,821,0,353617,0.08,0
4,4976415,163775,285201,85,55,16.71,141,1,215095,0.06,0
14,2239660,200093,1263256,59,93,15.11,143,4,525114,0.56,0
16,2219450,84176,201703,98,53,20.71,472,0,1459281,0.09,0
15,4900858,104799,359175,85,54,31.1,285,9,1634702,0.07,1
8,2171140,108385,899145,80,89,5.26,47,3,449617,0.41,0
14,4061607,245654,515728,68,55,26.31,278,9,485166,0.13,1
8,3728434,98919,67173,67,70,13.84,96,9,1278128,0.02,0
16,4324390,91462,735566,98,77,11.25,451,0,1958844,0.17,0
13,2856222,189340,1087310,55,52,5.36,898,9,1995428,0.38,1
18,1327109,175320,457391,77,72,31.9,725,7,1376426,0.34,1
15,4634315,41159,234046,56,57,32.37,913,4,1419631,0.05,0
13,1753744,52039,194855,87,68,6.84,54,9,1043539,0.11,0
9,4466988,242974,356338,61,60,20.65,455,3,780353,0.08,1
15,1988220,57800,726099,90,99,9.58,133,2,715504,0.37,0
13,4211718,312905,1266702,99,59,27.76,81,8,1853632,0.3,0
1,4213582,104626,444258,83,77,24.96,71,5,615057,0.11,0
7,3072875,128368,707717,74,69,13.91,135,0,565712,0.23,0
9,2030288,184735,1188317,66,93,8.51,66,7,1221656,0.59,1
1,2041646,90903,908679,82,77,29.94,457,9,1613630,0.45,1
12,4169579,128998,1460702,72,78,25.23,431,1,908721,0.35,0
8,1796246,251324,1105535,58,57,5.2,120,8,655634,0.62,1
11,2019239,332038,620911,55,68,23.84,298,6,1127288,0.31,1
19,2450618,243229,655726,51,97,29.31,126,2,1599908,0.27,0
17,4628622,323588,124716,87,70,22.72,54,3,863549,0.03,0
8,2669930,71748,1431929,58,67,17.74,378,2,1698508,0.54,0
3,331936,51190,9907,52,58,22.52,906,5,1701143,0.03,1
3,2179746,50318,882257,65,53,23.59,819,8,1244022,0.4,1
1,2669970,178090,451095,74,90,24.2,21,9,1459358,0.17,1
5,1496573,134078,1002663,73,74,34.01,770,8,1922847,0.67,1
10,3735647,49759,965701,96,83,10.36,511,0,213917,0.26,0
7,2778682,288642,269629,78,58,23.69,899,9,134341,0.1,1
9,1704900,35989,1360247,93,58,10.64,909,5,743948,0.8,1
7,3590664,166640,1278208,89,67,11.3,291,0,218481,0.36,0
9,1821788,389179,780504,75,60,25.08,163,3,254975,0.43,0
8,4804229,338721,91005,87,62,32.48,454,6,725245,0.02,0
12,391896,377375,582816,84,87,9.77,470,3,559292,1.49,1
2,4807765,171171,1021983,72,58,33.87,623,8,1445699,0.21,1
1,1283329,362044,1338519,53,65,14.58,752,9,1012008,1.04,1
16,2580612,376823,963843,91,53,16.74,585,4,468770,0.37,0
5,433979,295626,1449238,63,83,9.61,935,8,689397,3.34,1
3,478104,341356,181532,96,56,23.48,247,0,733527,0.38,0
12,2198547,302192,1405537,88,64,22.89,564,3,1079447,0.64,1
8,4244630,45814,1368980,56,87,18.27,233,6,1301575,0.32,1
3,4325279,200766,1194525,57,60,19.28,667,1,431500,0.28,0
1,4991882,70204,259673,91,81,23.69,267,8,1625943,0.05,0
3,4529454,42844,417939,100,76,22.5,427,2,1829337,0.09,0
5,1195893,258827,1323663,68,79,16.23,72,3,1593662,1.11,1
15,3396247,255256,403522,51,66,31.52,595,3,262773,0.12,1
14,2039050,354087,167856,96,85,25.03,333,7,1221802,0.08,0
3,2870492,31518,383545,50,68,11.16,393,1,1378974,0.13,0
1,2655257,33052,221099,91,56,14.6,56,4,1252234,0.08,0
5,3177299,266346,1471766,87,92,28.64,743,1,235298,0.46,0
14,3134317,79803,1075947,62,94,8.14,543,5,1763672,0.34,0
7,4166914,81524,1147322,91,70,27.51,999,8,1518253,0.28,1
9,3503481,234582,921440,93,77,15.77,103,8,297421,0.26,1
15,4737454,361716,287871,73,52,21.55,919,0,1267101,0.06,0
15,1746064,77021,638288,81,63,13.42,113,3,1648946,0.37,0
10,3440641,221321,1112545,79,51,34.59,434,3,1830939,0.32,0
13,2915548,292187,1470160,55,78,32.18,361,0,1886939,0.5,0
19,979091,12419,592819,87,67,32.85,738,9,856638,0.61,1
7,2566789,197964,1214632,82,86,10.54,569,1,1508291,0.47,0
17,2366791,131831,961795,93,94,30.25,440,5,1072222,0.41,0
20,3577180,254688,1244876,72,94,21.06,367,9,1499321,0.35,1
4,1906930,111799,485315,59,73,26.24,734,2,692448,0.25,0
5,1164795,204941,677510,95,95,11.53,801,8,105505,0.58,0
7,2783236,186282,939565,64,61,26.36,606,2,1418269,0.34,0
13,1778458,329744,231944,72,94,32.43,147,2,856396,0.13,0
15,2009771,388611,1105366,85,81,13.02,860,8,675437,0.55,1
11,469515,350641,802080,50,67,12.0,171,2,1027707,1.71,1
4,1820179,118611,1110355,57,62,8.13,541,5,1600384,0.61,1
13,3997267,147559,106371,52,53,13.0,57,5,1336475,0.03,1
7,871986,332836,298816,63,72,21.07,446,0,1638087,0.34,0
19,2534482,72112,1379829,66,59,29.98,124,6,899889,0.54,1
2,3221786,249040,34593,83,54,13.36,184,8,487437,0.01,1
10,337900,288504,407002,96,99,23.63,957,8,268183,1.2,1
13,4713962,243451,931298,55,89,19.39,563,8,1435307,0.2,1
6,4894668,231490,807734,54,63,13.66,231,1,683642,0.17,0
12,1484283,355182,1240712,95,83,20.31,545,0,464055,0.84,0
12,4018971,275161,217872,100,77,10.04,761,5,911744,0.05,0
20,1703061,358405,347284,90,57,24.19,151,5,207764,0.2,0
11,713066,201196,335500,89,65,8.47,171,3,1023598,0.47,0
7,4208146,257418,573570,78,80,26.93,115,7,1226570,0.14,1
1,2561331,231370,652739,84,56,10.33,522,4,1671871,0.25,0
1,1358343,199340,907779,67,52,34.94,541,6,400657,0.67,1
20,2731113,76320,708074,89,78,29.71,393,8,1104240,0.26,0
13,741529,245067,23814,97,85,15.32,894,0,1905282,0.03,0
9,2874415,222373,155161,79,88,17.79,35,8,1679436,0.05,0
3,4548530,303271,449047,64,53,12.78,698,3,1919682,0.1,0
7,2353548,347232,1130249,64,58,28.01,627,6,792428,0.48,1
6,1741019,190786,86796,65,66,16.42,37,3,502297,0.05,0
8,318920,304065,1085052,82,98,27.66,428,3,1104927,3.4,1
9,606547,276890,657129,59,69,5.55,26,3,1233448,1.08,1
5,1859090,340679,304422,68,63,9.07,715,5,783273,0.16,1
1,1857583,75350,1226642,86,95,15.95,913,4,1629408,0.66,0
19,263014,191417,760395,99,78,8.27,264,1,1451098,2.89,1
10,3909362,250678,126259,52,62,23.03,962,8,686477,0.03,1
12,1435382,353275,1452757,85,85,6.52,902,5,1698948,1.01,1
15,4732889,32063,838628,53,94,30.79,997,9,615541,0.18,1
9,3391849,127116,1409399,60,66,27.84,898,5,1471401,0.42,1
20,4082506,361057,1227933,90,96,11.49,613,8,561785,0.3,0
17,2619493,351090,917293,82,99,19.51,662,0,646706,0.35,0
17,556778,187043,1235147,77,92,18.55,148,6,798087,2.22,1
20,1497682,144670,543708,81,53,26.75,820,2,174860,0.36,0
12,3332293,20564,1204884,65,69,17.05,474,3,297809,0.36,1
7,1741037,252124,792650,58,60,5.99,605,0,1230744,0.46,0
2,4232371,237506,124283,60,91,13.21,895,2,1549795,0.03,0
3,2802352,321869,443108,55,71,18.99,590,6,257543,0.16,1
17,1731817,96134,729391,98,94,34.23,91,5,162468,0.42,0
5,2215074,115940,230461,76,57,31.43,179,0,1042309,0.1,0
17,4920058,72085,214202,61,77,10.44,106,8,1216787,0.04,1
17,4162931,27862,142298,71,94,26.7,420,3,175012,0.03,0
17,4740334,282409,647396,89,90,33.1,481,6,643547,0.14,0
2,2002502,150777,969775,97,79,5.26,548,3,271134,0.48,0
2,1662538,196351,796478,86,82,26.63,108,6,1984187,0.48,1
5,2226819,72471,246027,70,82,18.78,680,4,1061362,0.11,0
1,2274520,101080,903894,82,96,25.41,842,0,1869981,0.4,0
1,2632665,327972,37117,66,85,23.17,25,3,704387,0.01,0
19,4134053,389028,1178556,78,76,34.54,615,2,1820960,0.29,0
2,932722,118007,922469,89,69,13.66,964,5,1996988,0.99,1
12,1991396,56104,1029300,59,82,28.58,103,5,1742147,0.52,1
6,1400847,50934,1258520,67,74,12.04,269,0,414015,0.9,0
4,1234104,264606,188349,96,93,18.07,685,1,1693151,0.15,0
11,2650700,386564,541661,62,92,34.26,435,1,1661485,0.2,0
17,4075416,16050,45452,76,68,27.98,91,9,1174463,0.01,0
6,4218293,185024,1229737,59,96,14.47,640,3,490637,0.29,0
5,1416053,280628,1055230,81,70,23.58,131,8,594856,0.75,1
20,4301599,334792,948784,90,91,6.49,191,1,1010802,0.22,0
2,1894000,332089,1235789,94,82,12.99,718,7,1690666,0.65,1
6,1590598,194750,123319,52,52,26.55,816,0,173135,0.08,0
11,4746925,41323,892078,71,63,22.1,292,7,896082,0.19,1
16,2769849,96332,219015,76,64,19.09,549,2,250915,0.08,0
16,931658,366749,923864,52,82,25.73,699,4,1857992,0.99,1
1,3996315,265540,578256,82,91,16.95,338,0,1047736,0.14,0
9,3975702,264547,659103,51,71,5.78,101,0,533296,0.17,0
6,4290284,282459,1448951,60,50,18.23,94,5,1516366,0.34,1
16,2599771,320112,163223,95,80,32.06,448,2,405671,0.06,0
3,2655918,167591,131590,59,96,30.7,479,7,1190873,0.05,0
20,4005721,281251,278796,88,84,17.27,866,3,1045772,0.07,0
4,2566304,65781,245615,82,69,5.67,365,5,1923872,0.1,0
19,510435,276013,775492,56,81,24.09,268,9,915617,1.52,1
3,358477,353127,988515,64,61,27.24,662,8,217769,2.76,1
19,2595682,17971,1413209,75,100,13.83,406,7,1542138,0.54,1
20,3930370,368949,234537,60,65,19.3,953,3,1066772,0.06,0
7,2637839,264927,1221996,87,57,34.76,886,9,1191994,0.46,1
20,3888173,297795,730782,76,63,22.29,732,7,109612,0.19,0
9,1546652,329118,1125577,88,67,15.53,382,6,273886,0.73,1
1,4128685,33446,76757,56,79,23.82,315,4,185002,0.02,0
8,2180407,267419,133407,50,82,10.4,87,6,1129517,0.06,0
7,3477746,179180,244348,59,83,10.98,457,6,1281279,0.07,0
18,1001125,13823,655860,70,93,32.75,551,9,1609327,0.66,1
8,2586537,154526,1271859,64,98,12.18,802,1,419355,0.49,0
1,3198778,145004,368742,79,83,14.32,624,6,1295100,0.12,0
11,2893695,215162,212328,79,98,21.31,152,2,1106693,0.07,0
18,1968693,77965,398759,57,56,31.99,314,7,1928961,0.2,1
10,2191161,282654,1034938,73,55,28.44,315,7,178105,0.47,1
3,4062949,151609,707597,68,55,6.31,666,8,1058404,0.17,1
7,1510015,115935,1406891,52,71,25.79,987,3,1826418,0.93,1
16,4056600,341278,745076,64,57,20.12,883,9,616902,0.18,1
16,4713257,243705,530901,85,86,19.27,887,2,1909243,0.11,0
20,301894,344398,896465,55,64,25.75,52,8,855355,2.97,1
17,1608277,263978,1246511,91,75,10.89,393,8,921904,0.78,1
2,2733200,154854,958044,99,88,34.44,824,1,742411,0.35,0
1,1804592,386924,862634,97,52,24.36,51,5,1582962,0.48,0
16,4674024,397688,85666,67,59,15.97,574,2,1895738,0.02,0
12,3767945,337731,546356,87,52,23.01,978,4,1346961,0.15,0
5,3866569,354382,835489,68,79,11.49,823,1,180379,0.22,0
5,3429112,347864,805378,98,95,24.02,885,3,791275,0.23,0
9,1248966,88004,675907,99,71,5.85,324,2,719842,0.54,0
9,4800549,32072,609525,79,52,15.24,812,1,1156633,0.13,0
3,4416794,91015,1034628,62,50,27.43,127,5,118883,0.23,1
19,1032307,235075,267913,88,82,29.24,115,2,805198,0.26,0
16,2289632,230010,1127775,61,68,12.59,85,3,684302,0.49,0
16,2040875,82746,1152798,83,85,21.18,540,5,252522,0.56,0
3,4999412,186774,1033281,61,83,20.85,249,4,256577,0.21,0
20,2568417,374404,233931,93,80,17.64,752,3,1603249,0.09,0
1,4395843,138259,166234,73,92,11.85,377,3,1043394,0.04,0
20,3755971,40916,481604,53,73,26.1,421,1,545201,0.13,0
11,4206389,37268,33434,85,61,12.57,809,9,732557,0.01,1
17,512579,185050,808534,99,62,32.33,118,3,397157,1.58,1
8,4273542,253966,1070112,97,65,20.86,290,7,1575745,0.25,0
4,1763825,33259,723130,63,65,31.11,794,4,757824,0.41,1
6,3718920,89400,1153215,66,100,13.72,928,9,1222687,0.31,1
8,4228604,306437,443604,98,69,29.21,381,9,212839,0.1,0
20,3677794,121581,555435,52,90,8.41,183,7,146825,0.15,1
3,1724631,17043,1361246,87,97,28.0,547,5,784926,0.79,1
16,1391890,191502,1203307,72,76,16.61,188,9,718323,0.86,1
3,2545251,117009,104663,62,88,19.1,40,4,1674385,0.04,0
18,3092531,311037,1434953,58,62,10.0,559,3,1952371,0.46,1
14,3023978,219137,23088,70,53,5.56,861,9,1753802,0.01,1
18,4383583,171940,1117040,90,81,24.99,614,8,841457,0.25,0
2,1106395,298453,846430,57,94,22.63,804,9,562362,0.77,1
3,4028239,295428,1338904,66,89,23.67,852,4,1875172,0.33,1
16,4730734,398945,151171,65,83,12.65,416,9,1291110,0.03,1
9,3623994,123259,987314,65,88,12.18,55,5,1330753,0.27,0
4,2144606,110804,1086315,77,92,29.91,514,6,1465418,0.51,1
1,2507600,79000,1188037,100,66,27.84,333,0,863340,0.47,0
4,1170278,94179,17352,65,73,15.1,509,8,576019,0.01,0
1,695919,337193,126788,95,78,24.13,295,7,520319,0.18,0
14,3481837,301409,414364,95,95,29.84,252,4,219511,0.12,0
16,3148134,270226,592328,63,77,31.66,635,2,509723,0.19,0
20,2509608,33880,976124,95,94,5.17,455,4,721071,0.39,0
8,1547203,356723,1404999,93,96,29.4,25,4,1342749,0.91,1
7,666589,211264,1143006,87,71,15.51,554,8,1771693,1.71,1
3,2593365,337568,450330,69,77,26.55,701,6,741062,0.17,1
17,1387018,343110,958215,94,74,16.14,683,1,541542,0.69,0
1,1892737,182438,640245,97,90,23.19,263,4,1027851,0.34,0
16,2467357,255352,542036,90,52,24.4,260,8,319403,0.22,1
12,1999971,77396,115158,83,62,17.15,792,1,1941107,0.06,0
19,1344337,343838,1268165,78,80,20.38,947,7,961536,0.94,1
14,1624473,289250,1244930,52,62,26.79,577,2,628694,0.77,1
6,3450428,66731,715720,59,90,19.29,292,3,1045541,0.21,0
6,3782334,85010,1320966,69,67,5.42,94,1,726727,0.35,0
13,773881,259091,241851,51,86,5.39,302,8,1861114,0.31,1
19,1218454,304743,59395,76,92,24.84,727,5,1022380,0.05,0
8,4078551,81326,1472132,81,83,30.42,554,8,1239268,0.36,1
2,3501394,258876,1002378,59,66,28.56,106,7,261943,0.29,1
1,3027364,347850,1361020,89,70,14.31,900,8,839273,0.45,1
15,3554513,19004,1444878,66,85,19.13,652,4,1507162,0.41,0
1,2635678,125018,222143,82,99,12.02,949,5,1513549,0.08,0
5,1876644,35792,786401,55,89,34.67,168,6,1785495,0.42,1
16,3326813,64645,801292,88,68,12.82,169,4,1193471,0.24,0
19,1813560,17232,541301,96,61,17.49,596,0,878696,0.3,0
4,2493673,64766,400623,67,77,25.43,179,8,1454480,0.16,1
3,3675488,130601,1073511,58,60,31.28,465,1,1457026,0.29,0
17,3220745,91588,500229,57,97,6.54,815,6,175179,0.16,1
17,4844068,189614,573367,74,86,14.03,101,7,771947,0.12,1
12,3502923,15913,34111,80,77,22.07,26,7,176554,0.01,0
14,3395741,122406,842982,91,84,23.55,201,0,1021717,0.25,0
6,2698714,123693,206769,53,93,7.1,889,9,1551836,0.08,1
3,416486,103449,482333,69,64,24.92,985,6,1105347,1.16,1
9,626888,20567,218008,77,65,20.84,545,8,1279591,0.35,1
5,3756597,48379,40565,89,94,29.83,497,2,1717289,0.01,0
17,1035988,216040,1067859,50,56,11.67,202,7,357997,1.03,1
14,750428,272463,1279938,89,96,10.85,333,7,1122173,1.71,1
3,4657632,100005,611204,93,52,28.8,575,8,252448,0.13,1
1,2289706,383134,1128128,72,80,26.12,193,7,384734,0.49,1
20,1928782,233098,1038734,96,61,28.75,33,4,1454123,0.54,1
1,4505665,14791,38233,62,57,28.46,319,4,126628,0.01,0
3,3089190,141401,284839,65,74,8.12,956,2,713709,0.09,0
18,597172,215459,1007992,75,93,13.36,92,5,1516483,1.69,1
10,814673,71032,173806,80,99,12.8,754,9,1669275,0.21,0
3,455658,185150,343401,99,84,33.04,533,2,757552,0.75,0
8,1690641,360806,787937,50,61,19.62,741,1,252505,0.47,1
14,1930283,31300,966212,66,70,8.33,792,6,1179193,0.5,1
18,954085,347844,305758,65,75,13.69,621,9,1397164,0.32,1
15,951993,65609,1049586,86,51,31.16,362,2,1311330,1.1,1
2,925571,201634,244300,59,63,30.41,415,3,1119882,0.26,0
10,1028282,100045,150933,87,95,32.01,865,9,1138142,0.15,1
2,671761,334045,1465917,93,53,16.66,783,7,1420970,2.18,1
17,3635715,277847,779470,80,66,24.24,914,0,394980,0.21,0
8,4302748,233717,664729,59,96,13.35,352,8,474463,0.15,1
1,2774469,335259,682031,98,97,10.42,374,5,1477893,0.25,0
9,517942,229162,992904,83,54,5.66,578,1,1121471,1.92,1
11,4094456,37676,1113088,100,73,11.7,866,2,1648489,0.27,0
16,4045204,393476,1146602,55,98,23.13,182,4,468905,0.28,0
7,537462,230412,1124232,77,56,32.13,135,5,106251,2.09,1
10,4128207,186512,359830,77,72,9.0,422,8,725717,0.09,0
3,4744350,177995,1223786,62,96,32.54,98,1,1466966,0.26,0
18,621773,301946,1233068,90,66,15.36,466,4,1663985,1.98,1
13,2630630,362475,985593,61,61,17.8,902,6,1924957,0.37,1
7,4763167,134786,277633,99,60,15.95,27,6,788366,0.06,0
4,3030514,337313,59789,89,100,17.26,42,3,1235542,0.02,0
13,2995126,78147,1360423,99,60,12.78,800,2,1114102,0.45,0
20,4466399,32075,1125201,51,83,25.96,810,7,1582577,0.25,1
1,2927364,354159,521564,57,96,27.75,562,1,329666,0.18,0
8,3823638,215788,527339,91,86,29.69,433,4,1668066,0.14,0
14,2917892,19304,169162,58,99,15.24,701,9,1740208,0.06,1
16,287593,139851,830989,99,78,27.94,661,4,1552073,2.89,1
14,891252,392873,395771,57,97,24.13,926,0,936538,0.44,0
12,1102473,69622,995807,100,85,33.74,428,6,221720,0.9,1
19,326202,326359,1176414,52,76,17.74,688,3,1243416,3.61,1
15,2374758,346117,590282,58,91,34.77,41,9,331306,0.25,1
2,3469497,118654,376149,62,71,27.21,657,1,1253869,0.11,0
2,318542,259109,802498,58,51,28.29,422,7,800400,2.52,1
19,1617158,296172,660081,80,96,5.77,988,3,878523,0.41,0
17,2035932,49328,792736,74,85,19.92,700,0,633286,0.39,0
20,2872762,299445,1291517,93,97,20.85,697,7,1556309,0.45,1
10,1843906,310159,755584,94,79,6.22,176,6,1516803,0.41,0
6,3916434,228348,340907,57,56,14.36,349,2,1596074,0.09,0
15,655433,46845,373167,96,61,33.67,41,2,405010,0.57,0
11,290140,358962,642059,80,52,17.78,491,6,122969,2.21,1
5,1715554,86394,75842,94,66,10.6,283,1,1511700,0.04,0
1,1784645,185231,2589,94,90,20.4,322,4,771143,0.0,0
8,1647307,315858,387167,80,81,6.01,921,6,742547,0.24,1
12,3946962,90722,1478870,66,57,20.48,794,5,131107,0.37,0
12,3430786,297374,1280193,96,72,22.83,743,9,1849567,0.37,1
5,4876103,102554,54918,68,87,15.73,484,6,1021263,0.01,1
7,3651001,59262,7711,52,79,27.88,183,1,639077,0.0,0
4,3616403,51722,1266548,95,64,9.07,155,6,1111685,0.35,0
6,1998594,334940,321574,79,59,31.35,271,1,1879282,0.16,0
13,3821420,181231,718687,59,87,33.66,224,6,1423934,0.19,0
20,2589127,250740,1278890,98,64,5.04,875,7,432801,0.49,1
15,4143439,97052,750506,78,79,30.28,321,9,1964490,0.18,1
3,2095618,110808,889037,89,95,20.18,261,7,787832,0.42,1
8,4840239,265416,258989,67,75,18.84,851,4,1223112,0.05,0
20,3077448,272128,1380255,61,100,12.16,946,6,934619,0.45,1
16,1451661,231281,873002,98,94,18.42,810,7,1179663,0.6,0
13,3664524,256052,121315,72,63,33.51,80,3,611690,0.03,0
18,1314100,364095,953680,60,52,11.32,484,1,363085,0.73,0
10,1709390,323030,1422831,58,85,10.37,837,6,855002,0.83,1
19,2207878,375568,303874,73,75,12.26,321,0,1005772,0.14,0
17,4912037,114697,1171828,74,63,21.56,491,1,1280969,0.24,0
19,515617,241572,1185598,74,80,32.91,830,9,314646,2.3,1
5,2004053,242842,1253159,96,63,22.22,413,6,556683,0.63,0
9,1293015,106299,970513,58,89,12.3,626,9,145972,0.75,1
12,4670756,175746,1004354,61,59,18.21,679,0,1610396,0.22,0
1,291563,159177,942781,60,58,16.71,931,6,401505,3.23,1
1,3048768,170811,682121,98,95,6.4,993,4,665642,0.22,0
15,1545801,173041,195507,87,89,20.32,278,2,428471,0.13,0
2,3027754,24497,63944,77,92,8.78,561,1,1078481,0.02,0
16,1782701,264204,465718,57,91,30.27,549,6,147191,0.26,0
8,1890992,391059,1156013,59,67,21.47,206,8,942260,0.61,1
13,4562200,267471,1175370,74,85,30.34,985,8,1683000,0.26,1
1,1217497,102019,334267,96,85,33.68,231,9,508963,0.27,1
16,4059949,200326,285024,85,61,33.3,54,9,952711,0.07,1
7,4424367,119017,988131,99,99,8.01,166,7,1482780,0.22,0
5,3939469,341529,1483545,92,89,33.34,301,1,1359050,0.38,0
3,454371,228220,1014170,58,52,28.87,566,0,663630,2.23,1
12,3283128,115153,874261,90,67,28.33,607,7,1082550,0.27,0
16,2399318,43826,656921,57,56,7.7,603,1,443995,0.27,0
19,3294510,120034,53205,52,80,10.39,268,3,326519,0.02,0
5,1362180,94242,106948,67,50,34.25,76,3,1062836,0.08,0
14,620888,395210,1370530,95,80,11.4,888,1,395105,2.21,1
5,1563133,60100,375233,84,62,10.07,324,3,1779062,0.24,0
15,390285,231171,1379912,66,78,15.87,541,6,1742674,3.54,1
17,3396699,397314,611442,85,52,32.4,744,5,1964846,0.18,0
14,2717649,368349,218480,77,78,19.29,380,9,376476,0.08,1
20,2411130,22809,515985,99,84,32.62,256,5,1660377,0.21,0
5,1407739,74450,1457931,64,64,15.03,253,3,949433,1.04,1
12,2401016,310572,128514,68,70,11.8,944,1,1763193,0.05,0
16,3328411,344934,819409,71,68,19.86,242,4,1491674,0.25,0
16,4788599,121126,4983,55,77,23.46,635,2,148473,0.0,0
7,2916826,362465,695269,96,53,16.74,346,2,604364,0.24,0
4,1688543,274237,1025926,56,94,15.38,117,3,271969,0.61,0
1,2902303,54498,1244128,93,62,11.54,245,4,373826,0.43,0
5,2637587,126251,1359749,97,64,13.25,753,1,514943,0.52,0
10,3352963,50985,167806,58,100,25.19,855,5,287741,0.05,0
5,1311288,304153,729714,69,97,16.1,508,5,1192351,0.56,0
4,3498273,27718,1256102,86,88,7.39,497,7,1467661,0.36,0
2,1971503,288849,1287602,60,81,9.14,353,1,562655,0.65,0
20,4520153,359762,641800,51,52,16.17,811,7,898547,0.14,1
10,4649797,72598,66786,71,79,32.74,574,7,675225,0.01,1
19,804111,350022,266902,97,69,16.37,882,3,931564,0.33,0
1,1352791,284383,1413387,85,51,6.82,531,6,566714,1.04,1
5,4111087,318766,1410877,54,99,17.54,401,6,817398,0.34,0
13,2643869,56665,82673,56,74,25.06,442,0,374169,0.03,0
4,947948,304418,1408359,55,60,22.81,367,0,195439,1.49,1
16,2759244,380512,152904,71,50,13.36,172,7,1469246,0.06,1
16,1031635,156075,919372,59,97,25.64,870,0,1820843,0.89,1
2,1667217,171938,259111,95,98,23.92,471,2,693120,0.16,0
17,2944686,163060,639157,89,97,10.17,309,5,1670149,0.22,0
20,3430545,380707,1492457,95,59,9.86,755,7,1728972,0.44,1
12,431414,231516,1293520,95,66,21.42,138,4,514079,3.0,1
18,4651116,146746,435078,69,79,24.78,233,4,1123519,0.09,0
3,2263729,211610,281872,77,84,33.86,584,3,761045,0.12,0
1,2602110,365247,433073,72,99,17.66,751,3,630935,0.17,0
1,1843083,76446,1469975,84,68,27.95,458,6,130145,0.8,1
19,2215726,39072,481537,50,95,8.5,774,5,1582354,0.22,1
11,3602862,43717,1460732,78,83,31.69,584,7,203894,0.41,0
5,1610808,228417,649307,58,81,23.99,933,5,1300415,0.4,0
12,4381430,167723,1447072,58,61,23.87,648,9,722990,0.33,1
3,221650,389346,1151124,71,92,9.27,922,6,1789703,5.19,1
1,1604962,394533,395380,51,66,6.19,466,9,1940438,0.25,1
1,3223846,119525,1432009,65,55,26.04,862,9,1807816,0.44,1
8,2073204,223092,485940,89,100,8.51,61,4,741063,0.23,0
10,3113293,14646,1439788,55,62,8.81,414,5,1733351,0.46,1
11,2539189,311857,341768,62,88,10.63,266,0,401937,0.13,0
12,406251,340080,317234,82,71,7.93,924,2,1786448,0.78,0
13,4044328,185403,1464308,68,60,23.76,310,7,1783413,0.36,1
12,4270101,294329,1222178,64,56,17.66,267,2,1468310,0.29,1
14,4713207,356407,1152849,82,94,12.98,632,0,695749,0.24,0
2,1616693,239728,256196,59,94,18.22,618,2,152470,0.16,0
19,1094801,62107,223626,50,70,30.32,884,3,1654743,0.2,0
18,1924854,254865,210704,61,50,32.81,468,7,1347265,0.11,0
3,582811,289707,236579,92,79,19.62,103,8,1474336,0.41,0
17,4895995,80729,942302,78,68,22.0,792,3,200361,0.19,0
8,1208314,287845,394079,66,100,12.72,240,6,826183,0.33,0
10,4608608,210144,540436,53,96,20.41,685,0,794031,0.12,0
2,2693330,225494,86545,78,95,27.44,70,8,1547127,0.03,0
19,1917787,262615,1103035,56,78,19.76,569,3,692813,0.58,1
9,4596208,138331,738705,93,84,14.06,790,8,205879,0.16,1
7,911716,170482,328333,62,69,22.46,206,2,605583,0.36,0
4,2967257,109280,401345,54,85,33.4,544,4,1504429,0.14,0
18,3035623,199787,91954,55,88,31.64,242,0,433401,0.03,0
13,1899660,48665,944545,83,50,28.08,484,2,1598022,0.5,0
11,545430,288101,613667,56,72,13.29,438,4,1131185,1.13,1
4,1028411,318152,283197,95,80,12.25,106,5,1886195,0.28,0
4,2057845,334064,882816,77,100,30.16,278,7,627016,0.43,0
10,2705365,269285,496626,95,84,10.44,200,0,1494231,0.18,0
5,2139983,173947,1216852,59,96,23.17,330,2,582979,0.57,0
9,1047405,123828,232415,53,94,18.17,192,0,1695031,0.22,0
3,2491947,395996,913107,52,71,19.04,341,4,791289,0.37,1
17,433462,142698,1404469,74,95,18.64,726,7,830396,3.24,1
3,3186068,100815,454318,72,56,32.0,359,3,1746575,0.14,0
16,2168921,204894,1187939,76,82,7.61,515,8,1841333,0.55,1
4,3601447,213485,278429,63,94,28.49,264,5,1536938,0.08,0
18,2850196,174714,1009926,87,85,30.05,959,5,817608,0.35,0
17,3988264,310455,323733,81,93,33.29,524,4,278608,0.08,1
7,3900357,42356,13944,72,56,18.58,348,9,958869,0.0,1
5,610226,275953,625329,96,76,20.0,899,4,1487146,1.02,1
12,1964694,307019,881993,89,51,33.84,215,6,1225427,0.45,1
17,2007254,251121,1607,86,66,18.75,81,7,1229538,0.0,0
13,1872349,281609,1308890,52,50,20.11,44,6,1970073,0.7,1
3,331562,207167,1051529,84,95,14.97,583,0,482282,3.17,1
9,1252305,345988,994426,62,79,5.95,581,0,1753150,0.79,0
17,4652664,206322,848115,83,71,17.99,397,9,1958682,0.18,1
17,3367126,359033,1030661,73,77,24.65,916,5,1096553,0.31,0
20,2593946,25250,896020,50,82,25.7,314,2,1404581,0.35,1
16,3611031,56023,1038525,61,75,5.2,71,8,1530352,0.29,1
13,560306,111350,1321874,57,84,29.03,863,6,126085,2.36,1
19,2924274,187696,911974,68,60,19.77,59,1,400230,0.31,0
17,1794502,26427,1255522,58,56,20.62,763,2,873855,0.7,1
4,4133233,343787,1348413,77,77,33.85,591,7,1001132,0.33,1
12,1688303,220084,714090,63,74,13.53,747,0,687781,0.42,0
9,718490,144511,1309668,76,90,27.85,476,4,1070690,1.82,1
19,2273946,228403,351314,67,80,22.24,897,9,1721112,0.15,1
12,2760244,88672,1468084,91,52,26.02,871,0,126156,0.53,0
9,4429228,27300,569399,90,82,17.53,728,8,316425,0.13,0
7,1461368,332433,992957,55,100,13.38,807,6,825529,0.68,1
14,2103124,29659,468897,82,83,21.38,872,4,759236,0.22,0
20,2992537,172475,1274901,86,70,16.25,21,5,1351092,0.43,0
19,3347887,255259,301635,91,86,11.69,488,2,286354,0.09,0
15,4864496,20360,1065481,74,98,30.18,125,2,434107,0.22,0
16,1787542,293568,1078849,62,68,19.27,235,6,538993,0.6,1
5,4062163,108035,1173767,72,86,30.42,796,6,1196695,0.29,0
3,1840027,58791,1426656,85,70,19.22,698,6,560575,0.78,0
12,3026267,209867,1205882,82,63,21.7,778,1,1135622,0.4,0
20,354536,284444,1258533,70,59,34.86,433,1,987476,3.55,1
4,4969729,43370,66538,83,56,33.55,969,4,462236,0.01,0
16,4817752,210903,1153146,85,78,13.15,229,3,478784,0.24,0
7,3145081,37209,687933,66,89,31.06,77,6,246713,0.22,0
13,2798385,293071,262025,59,57,16.71,959,2,700720,0.09,1
10,824773,44579,1431852,72,88,7.14,62,4,551511,1.74,1
7,2217528,281176,195392,93,62,22.27,157,1,178451,0.09,0
14,1878332,103254,1177569,51,95,34.31,640,0,709628,0.63,0
5,1202021,350557,797762,84,68,34.23,508,8,1430131,0.66,1
3,2385132,123528,1271688,63,60,8.79,579,3,914968,0.53,1
11,1618314,233274,1260164,96,51,28.14,657,7,1383825,0.78,1
11,3822541,396060,147083,94,98,29.08,488,6,365732,0.04,0
18,492007,248292,1132113,90,55,16.06,745,0,770069,2.3,1
15,2695990,344446,585273,51,78,24.76,932,9,1627557,0.22,1
12,4264610,191026,431508,68,90,19.64,659,6,1498377,0.1,0
9,1724960,258342,646592,65,100,11.84,408,1,1370907,0.37,0
10,3128785,229437,136322,92,54,27.84,217,2,832605,0.04,0
12,1569971,357901,258116,93,90,12.88,221,0,1405586,0.16,0
17,4991164,288076,33087,74,79,15.21,211,6,494633,0.01,0
6,1812119,297858,1124528,50,88,10.7,126,2,382437,0.62,1
7,587773,67803,36368,51,85,26.58,725,5,940329,0.06,0
14,4416803,143624,857247,97,76,18.76,346,6,1717513,0.19,0
13,826840,66627,1139269,76,99,18.3,769,2,1446260,1.38,1
8,4839148,187059,583188,51,67,23.14,663,1,948683,0.12,0
10,1834224,351954,1427206,79,98,9.72,376,8,810787,0.78,1
9,1646395,55380,700526,100,85,31.94,614,8,1864108,0.43,0
18,2783677,170322,222182,59,65,18.95,520,6,585497,0.08,0
2,4259626,209416,156405,68,54,16.0,303,4,1970025,0.04,0
5,1071905,336830,131016,91,58,8.8,487,3,214383,0.12,0
5,343704,392465,1277723,65,83,10.04,527,3,644530,3.72,1
6,265756,317172,48070,62,83,32.61,753,0,1867365,0.18,0
19,1567064,156367,400337,97,85,18.7,125,3,1264889,0.26,0
8,3746293,385285,670037,99,80,26.67,313,6,1610077,0.18,0
16,4203314,327392,711921,57,69,7.42,85,4,197544,0.17,1
13,4914386,282667,1014281,99,66,24.3,214,8,839885,0.21,0
1,2596640,317674,873841,80,69,32.65,207,3,200151,0.34,1
20,3478262,269125,1086240,94,77,14.0,66,2,1261033,0.31,0
17,2125464,23769,916358,74,70,22.37,381,5,615111,0.43,1
7,2116796,122035,939947,88,68,33.21,890,3,1681634,0.44,0
13,1486188,185717,311356,70,52,26.58,556,1,494352,0.21,0
4,633797,231815,1001635,99,79,6.87,597,4,635890,1.58,1
4,3285945,241832,1123852,87,54,16.36,506,3,1774301,0.34,0
6,4368773,166629,65231,90,91,7.57,866,4,1683330,0.01,0
19,1000607,244799,1218692,78,55,30.84,598,8,503629,1.22,1
12,1984094,351926,1332467,55,52,23.65,728,3,277147,0.67,1
7,2344797,350526,761816,67,98,33.69,265,5,1542949,0.32,0
10,439608,178157,1471921,98,91,5.59,827,3,1811388,3.35,1
19,4941875,383083,1310757,93,73,17.69,631,0,1619378,0.27,0
7,3862097,154542,97847,84,93,8.13,197,1,1436945,0.03,0
3,549115,350856,777725,76,50,15.51,134,5,1188619,1.42,1
13,4224919,128643,48503,54,99,9.86,699,7,1556270,0.01,1
13,4497084,379561,814639,56,100,14.86,650,8,850136,0.18,1
18,1017166,220154,502376,59,85,29.58,184,3,187333,0.49,0
20,3346243,147877,1343961,59,64,9.82,238,5,1578932,0.4,0
8,4242942,223396,1406891,100,90,19.21,216,2,1809547,0.33,0
9,1053159,235956,259966,77,87,32.65,420,8,1887442,0.25,1
7,4098888,191844,903734,85,93,34.96,849,7,618054,0.22,1
1,1095596,111422,72832,59,67,12.52,768,0,1309814,0.07,0
3,2631129,361444,1332103,99,72,33.07,700,1,249779,0.51,0
13,4977347,278774,386435,84,96,12.84,95,9,1804169,0.08,1
17,1800720,396618,763389,84,78,17.41,445,8,1338257,0.42,1
1,2805327,371013,789106,86,100,31.34,306,9,1377185,0.28,1
6,3419598,287845,1424820,97,90,28.59,564,2,1214143,0.42,0
6,3482808,155931,1420089,69,71,30.72,318,2,1569806,0.41,0
12,2169412,369429,1467458,62,73,29.01,880,9,1764347,0.68,1
13,790611,127556,1092370,60,94,12.05,761,8,1681815,1.38,1
13,4826510,238495,919580,94,97,21.76,726,2,1383846,0.19,0
15,4142033,264809,1177120,68,62,16.56,313,9,1478050,0.28,1
16,628556,215384,37555,77,82,18.79,828,4,1391032,0.06,0
11,3875049,25021,818838,87,99,9.62,905,5,687119,0.21,0
5,680350,210935,40262,94,71,14.47,466,2,1177512,0.06,0
4,696232,214222,742021,53,84,30.73,955,9,115574,1.07,1
3,3834183,74361,1465008,86,66,31.93,433,7,1922704,0.38,1
19,1887023,282499,461333,68,71,23.3,450,1,1509305,0.24,0
20,2828973,108841,292428,86,54,19.95,809,5,1808007,0.1,0
18,2246719,190076,675531,63,74,26.39,249,1,1357279,0.3,0
15,4071240,256300,423751,80,55,23.27,115,8,1562801,0.1,1
9,4112669,170786,89023,77,66,34.51,914,5,1308279,0.02,0
17,1626548,27198,207012,85,80,10.7,458,8,1957370,0.13,1
14,4191818,339095,164772,93,66,18.47,190,3,261772,0.04,0
15,3979044,268466,1090092,87,82,32.55,336,2,933537,0.27,0
1,2224611,28740,1326297,68,88,32.44,861,1,1310880,0.6,0
3,450231,275954,1007338,91,97,19.86,563,7,928207,2.24,1
16,1261516,395887,255623,50,86,9.04,510,3,1071215,0.2,0
11,4774475,268308,539303,72,97,29.45,407,1,904286,0.11,0
12,4935524,109855,91104,77,53,22.55,576,8,1014794,0.02,1
10,3572105,220192,1425132,97,92,28.19,91,7,1741687,0.4,0
16,1178935,298927,353884,53,63,18.88,551,4,612163,0.3,1
8,1230451,131701,1463028,90,62,11.12,258,7,146782,1.19,1
6,2330118,350191,328784,67,76,5.72,730,4,908522,0.14,0
12,620993,281615,1178092,98,73,21.77,596,6,1437881,1.9,1
8,3601461,120771,963208,96,76,9.83,719,4,510110,0.27,0
4,2460791,16163,1222017,100,57,10.61,108,4,605605,0.5,0
8,446331,334215,1135583,88,96,18.09,941,3,730553,2.54,1
18,3231830,26065,742003,74,99,18.26,732,4,1194876,0.23,0
5,4584575,394467,47728,67,88,13.23,554,6,452810,0.01,0
9,4801318,251262,801310,55,70,8.96,827,2,1193241,0.17,1
4,4280790,390113,509958,68,100,33.35,661,3,794912,0.12,0
17,2996749,355600,915357,61,90,8.95,173,7,1869224,0.31,1
9,4066585,258924,1057721,74,60,15.52,609,5,1600442,0.26,1
1,2952690,189420,18226,84,80,14.15,209,7,1392148,0.01,0
20,1203510,291298,1313522,50,76,30.99,831,1,941077,1.09,1
13,4411422,377847,548407,54,91,17.3,434,8,739234,0.12,1
16,1271192,30229,1112136,50,95,8.72,173,6,532572,0.87,1
13,3615473,324731,57353,57,97,5.31,644,4,1977192,0.02,1
14,2060371,260470,1294317,88,76,26.66,358,6,1461537,0.63,1
3,4397099,321857,385145,96,57,26.44,648,1,1666075,0.09,0
6,3710764,168069,595929,92,82,17.53,536,3,1445353,0.16,0
18,1771480,31101,51712,67,61,8.79,908,6,410864,0.03,1
19,3610956,50391,445405,95,84,16.15,857,1,1115198,0.12,0
5,2130873,216935,975288,58,83,22.7,54,7,780000,0.46,1
15,3815590,82723,330429,54,65,26.12,803,9,857113,0.09,1
2,2560901,236293,115278,53,85,7.35,690,9,1724721,0.05,1
10,3389858,200477,509272,93,51,21.69,741,4,630053,0.15,0
18,3152053,176020,165201,78,61,13.28,545,4,1098501,0.05,0
13,3491987,372408,810944,50,76,23.52,556,7,1491592,0.23,1
5,4813311,310065,734391,79,66,24.44,866,0,655049,0.15,0
1,4617338,300604,456770,94,69,32.32,237,5,399886,0.1,0
1,4303099,207190,1312784,50,70,17.31,273,1,870243,0.31,1
18,990671,189354,619902,52,79,21.13,222,0,1805319,0.63,1
15,4707863,101725,1231215,71,91,13.05,120,6,556451,0.26,1
17,4463272,330589,117639,57,69,13.6,380,3,1426178,0.03,0
11,4888195,222139,1340731,67,57,6.38,760,0,233507,0.27,0
17,784718,354352,1381872,74,67,13.58,730,9,259808,1.76,1
13,2394358,378427,728871,97,67,6.91,933,5,1178568,0.3,0
1,2008566,95779,10960,69,67,33.92,197,9,592970,0.01,1
2,2704973,13060,486744,80,51,23.73,295,5,1468286,0.18,0
9,4252579,135806,1170365,79,61,10.19,331,2,214358,0.28,0
3,969565,285875,321064,65,81,8.5,661,5,1827378,0.33,0
1,3896944,349974,807819,51,91,16.1,429,9,1958708,0.21,1
16,4084175,125871,408540,66,57,14.23,810,8,1776796,0.1,1
6,2317191,30719,588248,59,100,13.38,307,5,1099865,0.25,0
17,1809425,59116,122994,56,59,19.05,672,0,584765,0.07,0
5,2503707,36325,1343348,91,60,32.39,544,9,127763,0.54,1
5,1739663,24551,907701,100,63,22.04,420,5,802916,0.52,0
6,1198899,365431,730456,58,75,20.64,236,7,823263,0.61,1
3,2298729,296422,827530,66,96,29.2,717,6,1284513,0.36,1
5,4502096,25141,694595,58,79,5.12,489,7,1845778,0.15,1
5,2020844,340057,1397581,58,91,10.92,46,7,1581719,0.69,1
10,1151302,305759,27949,86,53,19.89,932,8,1722466,0.02,1
10,4405089,132058,1202469,73,88,26.16,749,2,483871,0.27,0
19,1320803,203823,1251260,88,60,19.55,441,6,1874670,0.95,1
17,1105112,122684,939536,60,73,9.91,33,5,1403270,0.85,1
14,3935447,299596,335681,57,71,32.9,520,1,1090326,0.09,0
9,4064860,60391,1457095,74,52,14.86,673,4,326889,0.36,1
14,350653,130288,378147,95,86,28.65,927,2,1666216,1.08,0
1,4657910,216132,1261641,51,51,31.74,344,4,1692598,0.27,1
19,2688144,123535,1024483,59,61,15.39,343,8,364973,0.38,1
13,3683978,152770,1454095,73,70,30.36,586,7,856277,0.39,0
13,3656537,249947,574989,97,54,26.32,722,8,1412635,0.16,0
4,3688882,96711,836943,65,56,32.13,304,8,139980,0.23,1
1,586213,349994,80664,68,53,12.54,108,7,1158016,0.14,1
17,2696589,381877,411496,80,92,32.94,64,7,1808755,0.15,0
8,616690,274509,1088003,60,90,6.96,663,5,173415,1.76,1
2,1363951,238625,97180,55,85,28.81,517,5,1763216,0.07,0
8,3196244,369806,627838,55,71,18.07,931,5,1671429,0.2,1
7,4546421,53372,1126528,81,78,10.34,517,9,1967233,0.25,1
2,1077751,54134,66046,88,58,7.38,597,5,1027838,0.06,0
3,1122426,309967,106918,97,75,16.69,810,8,1255436,0.1,0
18,878066,81158,1378162,62,61,16.68,855,9,1362776,1.57,1
12,2077779,368220,615358,52,97,11.9,679,0,1506087,0.3,0
1,1825199,247159,834754,90,50,11.47,164,9,1480376,0.46,1
12,2001951,143021,999488,84,57,16.99,967,5,884296,0.5,1
5,252949,59396,955200,87,82,17.3,537,7,1617885,3.78,1
17,4858234,380480,1118822,66,100,18.27,101,0,1937969,0.23,0
16,2392710,41912,1027348,52,53,31.06,999,5,440529,0.43,1
15,3754184,66947,539871,83,63,23.34,654,8,317768,0.14,1
15,1209260,54387,1393440,61,78,5.61,186,5,918977,1.15,1
5,989148,288652,448431,73,63,20.57,768,1,1879811,0.45,0
14,1715509,317736,399325,55,58,27.87,124,0,151569,0.23,0
2,1753091,119249,1287861,91,58,6.69,821,3,1805552,0.73,1
11,4021301,11919,321901,60,75,17.68,507,5,1272491,0.08,0
19,2369068,314739,793091,97,98,18.54,769,9,1223023,0.33,0
7,4067239,150689,1311958,76,96,33.62,329,9,622316,0.32,1
6,1508166,43298,645558,97,91,19.27,101,8,809194,0.43,0
2,3069530,247225,905643,73,66,27.5,113,4,1436269,0.3,0
6,2295104,243725,15064,67,90,14.09,340,6,1745225,0.01,0
18,3920922,286600,1210763,76,53,28.38,362,5,380374,0.31,1
2,4132623,119599,889417,90,95,14.68,816,5,1133563,0.22,0
18,1323270,358820,1092834,70,52,17.9,828,8,674906,0.83,1
15,2711019,93721,659830,100,78,19.38,380,4,1001108,0.24,0
19,1530728,310068,939507,83,74,32.79,850,1,1943890,0.61,0
2,1229242,296384,811100,82,70,6.6,947,7,591607,0.66,1
20,2367626,359525,1387979,97,61,10.91,85,2,1754708,0.59,0
6,3908201,281372,636480,67,50,26.17,643,8,538024,0.16,1
1,550068,293830,1407296,52,50,22.33,887,4,1632397,2.56,1
15,3624638,21920,629769,73,94,12.55,448,0,215933,0.17,0
10,2938384,17432,1211694,50,95,13.68,420,3,1433220,0.41,0
19,604911,120507,1250625,55,97,16.02,190,8,443554,2.07,1
17,2708164,343869,470471,68,56,18.51,778,0,240405,0.17,0
5,3519343,234647,5397,71,59,29.54,597,7,939815,0.0,0
4,3843394,174982,886357,100,64,5.41,87,7,166513,0.23,0
10,1937075,131764,607769,92,89,31.94,511,8,1306458,0.31,1
17,1369070,171298,153305,57,60,17.39,53,8,780477,0.11,1
10,4337075,214222,1371028,54,95,11.91,20,5,172258,0.32,0
17,371277,331243,1249374,58,94,20.25,170,4,1360854,3.37,1
20,4886270,122557,456435,96,72,24.79,921,6,375361,0.09,0
5,2593455,358904,525418,70,62,6.34,803,8,355354,0.2,1
2,1561212,28013,538359,77,76,26.47,277,4,534986,0.34,0
6,1803344,31446,372384,95,90,27.82,769,2,710715,0.21,0
2,3473751,377353,526406,53,66,9.99,647,8,1643588,0.15,1
13,2669491,211447,1110984,73,99,10.04,607,9,145272,0.42,0
11,3122321,112261,1100362,57,100,11.11,814,0,1147197,0.35,0
11,1581710,367883,605559,66,62,28.9,38,0,1087965,0.38,0
16,2791822,272701,19158,83,61,13.16,815,9,1231629,0.01,1
11,2257797,178461,88114,69,78,28.88,54,3,948156,0.04,0
19,1001818,188772,708481,65,70,21.22,390,1,1557010,0.71,0
15,2418787,140878,521358,59,69,28.02,510,6,137633,0.22,1
16,2995766,109143,544162,83,69,21.61,855,1,1107193,0.18,0
11,4615239,34578,239139,92,80,15.07,836,6,927960,0.05,0
16,3399362,84779,869875,59,57,32.32,260,7,283224,0.26,1
8,3301373,150668,1371302,79,73,26.46,26,7,1944521,0.42,1
4,3000174,329644,122603,79,60,19.52,568,2,1582226,0.04,0
8,1073420,82534,982207,100,88,24.12,390,8,1323352,0.92,1
4,692503,282273,1463497,74,82,23.48,684,9,1900902,2.11,1
3,4612903,207118,497821,95,91,15.74,776,9,1620145,0.11,0
3,2535071,283740,1441525,92,64,17.71,269,9,1483621,0.57,1
18,2765820,75355,1224301,90,53,14.55,134,5,1471642,0.44,0
19,2700511,22974,868450,56,50,34.99,572,3,729224,0.32,0
19,4278813,207745,887024,96,81,22.4,356,7,1773242,0.21,0
5,3696716,384148,878058,69,60,7.76,593,3,1666715,0.24,0
18,1144461,261366,778873,66,79,20.57,700,3,1723157,0.68,0
10,1667256,398938,949756,52,86,6.5,161,7,579735,0.57,1
6,4549025,342346,466548,96,68,13.66,504,3,1203848,0.1,0
1,4530972,84442,334943,95,100,18.38,457,0,616247,0.07,0
5,478518,162890,324329,89,85,21.03,789,5,1350016,0.68,0
9,3611647,65598,303682,85,83,34.29,107,7,1943678,0.08,0
12,2905421,143726,498905,75,56,34.47,482,2,914241,0.17,0
14,1564359,43758,1260046,59,94,7.94,67,1,1428789,0.81,0
2,1362586,296348,1483024,83,69,21.14,966,5,195447,1.09,1
17,4917776,137309,120026,63,61,29.51,500,0,311774,0.02,0
14,606884,176000,234257,57,81,12.13,842,4,480323,0.39,0
13,4653325,194681,1101682,76,51,27.52,543,5,723963,0.24,0
9,347032,40552,1129803,59,71,31.36,230,7,1210865,3.26,1
15,3488157,319181,446295,99,90,24.87,263,6,389321,0.13,0
15,4852124,157278,680388,64,97,14.83,258,5,889855,0.14,0
11,1562516,44831,686426,86,89,32.69,216,1,339264,0.44,0
16,2575100,53563,643887,71,73,31.51,788,7,423145,0.25,1
17,1918562,28361,754077,94,99,26.47,254,7,513576,0.39,0
4,2456356,313479,1132046,99,80,15.91,206,4,1608726,0.46,0
1,1529785,84469,768378,80,53,28.76,732,2,785592,0.5,0
8,4499376,35816,1186789,51,73,14.48,634,7,1717804,0.26,1
17,2961642,267422,1094526,94,92,12.59,309,4,1129422,0.37,0
3,4483664,156691,278369,80,66,20.45,240,2,760721,0.06,0
20,3583737,244295,493466,63,89,34.91,516,8,1936409,0.14,1
15,892353,102479,1004627,59,68,29.13,515,8,1371468,1.13,1
15,2958566,36819,1343679,79,89,26.89,899,6,1739812,0.45,1
14,2528033,394474,835624,85,87,18.56,321,7,647102,0.33,1
14,1355933,18798,79711,96,83,14.36,206,4,1676094,0.06,0
2,1690309,166215,141123,89,96,30.68,469,4,1254401,0.08,0
13,4601744,321839,202500,64,82,22.03,934,4,208998,0.04,0
14,3505107,253942,265593,63,55,29.4,431,1,663112,0.08,0
19,394152,240259,958599,80,100,19.63,630,2,1267986,2.43,1
7,2128356,139544,1414933,78,85,27.62,955,7,1664589,0.66,1
3,4997927,162254,624533,76,62,31.03,264,5,412560,0.12,1
15,1012744,263800,1145645,70,96,16.74,332,8,1623507,1.13,1
14,3319812,19415,233597,58,58,5.41,838,6,1511283,0.07,1
11,3412713,97638,548196,69,84,12.65,515,5,1132554,0.16,0
15,4000760,28452,366991,84,83,32.45,41,3,1339637,0.09,0
13,1175112,205457,907342,64,65,25.63,87,6,696100,0.77,1
18,4877482,120205,778628,73,67,27.12,411,3,1869227,0.16,0
6,4233123,28170,949826,98,67,14.76,335,6,683164,0.22,1
3,755839,26259,800444,65,87,26.04,84,4,1728436,1.06,1
19,814101,294243,17412,85,99,24.39,823,1,187304,0.02,0
15,649813,150721,1013654,60,92,10.35,986,6,1761532,1.56,1
5,4046300,139394,1420750,57,81,34.06,748,7,214266,0.35,1
10,2078266,331402,267800,52,56,15.62,560,9,1079600,0.13,1
7,751238,182109,1188615,68,72,14.88,724,1,175111,1.58,1
17,4811008,283949,478174,95,72,16.07,587,5,959799,0.1,0
7,3843488,264599,1457556,90,95,7.75,869,3,1853754,0.38,0
12,2281280,53147,802305,52,67,23.75,919,4,818983,0.35,1
17,200215,84280,1492822,85,56,12.16,231,0,1216924,7.46,1
13,4762051,187125,1247455,74,91,29.1,769,5,1052747,0.26,0
20,3095107,378921,150595,85,89,16.82,219,7,1434077,0.05,0
4,3369562,107841,572735,60,73,18.76,197,1,1610428,0.17,0
10,1217375,134726,49757,100,63,24.39,442,0,1710647,0.04,0
3,472544,86215,784402,65,99,27.86,950,8,1798849,1.66,1
9,734633,122909,1299071,66,54,11.93,684,1,1724567,1.77,1
13,2063907,367509,1439485,91,95,33.99,481,7,865755,0.7,0
18,1014661,283129,1261492,73,71,23.67,63,4,1003271,1.24,1
15,2807421,284535,988892,66,71,5.17,450,1,867902,0.35,0
4,1516303,14861,791894,97,59,17.47,187,4,974989,0.52,0
15,1122401,271968,378976,69,75,18.1,306,8,1868818,0.34,1
2,4907926,193000,1211443,71,64,29.27,728,5,690211,0.25,1
15,1320113,306508,725166,55,87,14.15,356,2,1301896,0.55,1
8,2013353,354543,310609,56,90,14.94,605,7,1999756,0.15,1
8,4792087,259072,454325,63,91,7.11,190,0,786814,0.09,0
17,4864759,234402,90027,60,98,13.51,911,8,479993,0.02,0
12,4626421,52923,50528,61,50,26.51,202,8,1675244,0.01,1
19,3679664,196968,1346950,95,63,24.04,35,3,747544,0.37,0
10,3739172,357962,48242,54,85,7.44,515,7,1316751,0.01,1
9,4353514,175912,459099,54,80,8.44,599,2,868729,0.11,0
5,2858492,183327,1163264,69,77,16.31,906,5,1767253,0.41,1
6,4845289,343304,526071,64,83,27.31,856,9,854944,0.11,1
20,2343184,138165,28390,75,84,29.99,573,9,1673607,0.01,1
2,704910,240314,1120678,82,88,5.44,129,7,1188700,1.59,1
13,3641558,305673,1328146,79,72,14.87,572,8,768488,0.36,1
6,823090,154013,1079326,73,95,17.73,325,7,1791038,1.31,1
5,2229341,11669,582476,72,93,32.33,999,8,1123831,0.26,1
1,3217465,226854,273016,58,68,20.04,25,3,572318,0.08,0
6,2726915,389517,1440580,52,67,13.09,862,9,805580,0.53,1
6,2602114,317003,703446,85,64,16.7,712,0,1600144,0.27,0
16,3679799,65786,231360,97,50,18.09,292,6,1925595,0.06,0
4,1969617,192155,1274016,56,74,25.1,380,9,145653,0.65,1
11,2638761,30323,869946,71,75,6.23,204,3,932504,0.33,0
9,3048039,240502,743537,63,84,16.68,854,0,341864,0.24,0
3,837509,267249,92663,97,64,24.4,675,2,141302,0.11,0
19,2596629,16021,673439,78,53,13.5,967,6,963443,0.26,1
8,1080432,311951,1253732,99,64,22.75,119,2,853961,1.16,0
5,666995,322499,1161384,65,91,15.72,109,0,992884,1.74,1
4,4139625,123415,110091,97,87,27.76,265,6,1442618,0.03,0
6,1829618,280855,885704,83,94,6.82,258,7,1648985,0.48,0
2,3574775,17904,573681,59,88,32.54,949,4,1252196,0.16,0
20,2390002,74033,1118346,56,50,10.15,743,5,1113584,0.47,1
11,3193349,241659,1024146,74,71,9.76,100,2,1428609,0.32,0
4,1442522,358622,1023157,76,60,30.22,134,4,766312,0.71,0
15,2768101,130035,799800,64,95,31.08,295,2,1980993,0.29,0
6,1166325,230859,185385,81,87,7.79,99,1,1069481,0.16,0
17,4197936,196168,48838,77,86,32.26,587,6,1746970,0.01,0
6,1497776,231666,533022,58,100,13.2,198,9,422283,0.36,1
19,2241215,241853,631475,56,75,23.56,328,6,895329,0.28,1
2,2007317,275237,99329,65,100,7.06,580,7,1953806,0.05,0
15,3902590,297062,520146,75,76,16.42,528,0,629944,0.13,0
11,3972088,203708,1453989,84,62,18.52,279,1,112193,0.37,0
8,1683702,199878,855327,66,56,22.99,805,1,1125094,0.51,0
19,4086613,150466,758921,72,57,20.76,311,2,498363,0.19,0
13,4210442,134501,1169000,57,95,18.84,904,6,308264,0.28,1
12,4504083,270228,974335,51,100,33.79,310,6,226474,0.22,1
5,3504860,102510,320217,80,100,10.55,561,6,202748,0.09,0
6,4846386,103708,244042,81,72,9.74,905,0,768789,0.05,0
4,534248,107819,225683,78,75,26.4,783,1,336923,0.42,0
19,861440,245603,1264123,52,93,7.24,82,7,969798,1.47,1
20,1393502,46303,1292179,57,76,19.49,613,8,1308412,0.93,1
1,3529782,37453,802056,51,58,19.52,424,9,1212204,0.23,1
20,954981,381030,1246919,80,95,14.3,967,6,495618,1.31,1
17,581325,332839,1335035,100,87,32.91,499,0,1678506,2.3,1
12,1013526,209521,1328142,98,96,13.48,344,3,183746,1.31,1
15,1163544,166837,694497,86,62,13.65,400,9,1418638,0.6,1
1,2626062,232787,72663,69,56,12.03,700,7,1529255,0.03,1
14,805751,48057,101216,78,60,9.37,329,4,1000870,0.13,0
6,1938614,199060,774888,66,59,15.92,362,0,510692,0.4,0
5,3632338,104655,1305068,59,82,25.43,689,6,1956069,0.36,1
11,673656,287169,294887,90,88,27.26,494,5,216408,0.44,0
4,1158379,279289,1457428,71,99,29.4,75,8,805394,1.26,1
13,3101884,111206,534396,55,52,10.93,866,3,1378075,0.17,1
11,4227187,196869,1253282,92,90,6.07,444,3,283714,0.3,0
3,206464,313867,281027,83,78,34.24,161,7,324778,1.36,1
1,1789426,83230,568688,80,86,5.43,680,3,906647,0.32,0
6,3925530,165002,1225647,61,94,33.82,395,2,482292,0.31,0
18,1361140,118138,572239,61,65,29.86,245,6,1524333,0.42,1
10,1618767,217097,1448952,65,65,32.36,493,4,272336,0.9,1
5,3813163,222376,1461721,74,93,16.62,44,8,1466818,0.38,1
10,2854074,72040,666483,71,99,10.92,709,4,168764,0.23,0
12,2035068,118668,1425826,76,92,23.19,384,8,1503991,0.7,1
2,2044277,208768,324078,73,98,27.24,114,5,1813379,0.16,0
13,465039,327174,30881,61,56,8.93,527,5,1272392,0.07,1
8,1591579,66815,972920,67,64,28.93,584,5,1712140,0.61,1
2,2276259,226741,1146747,94,87,11.26,835,6,1180287,0.5,1
20,2401279,122789,1301765,96,55,19.75,601,3,1324325,0.54,0
1,4490730,229478,948161,65,67,30.69,195,3,872361,0.21,0
5,3246672,330067,217815,53,68,10.8,663,8,552691,0.07,1
9,1260538,177644,311095,61,100,12.26,427,6,1094515,0.25,1
17,1596102,195102,270896,98,51,6.88,509,9,1315705,0.17,1
9,204011,340048,641627,82,52,9.4,946,5,664052,3.15,1
11,2164724,254533,1455232,71,95,9.4,870,0,104844,0.67,0
15,4414086,247469,1093440,67,74,11.1,478,6,872246,0.25,1
6,632941,243308,705051,97,85,13.59,432,5,1780045,1.11,0
3,3389187,170275,86675,82,98,29.45,920,3,988971,0.03,0
17,2908685,87088,997807,76,77,32.47,357,7,911062,0.34,1
5,803151,15608,284487,91,87,17.19,982,6,971564,0.35,1
12,2023327,55667,224320,68,77,8.85,891,7,1562345,0.11,1
18,4126449,65547,543961,97,81,11.71,350,8,725798,0.13,0
14,2040277,244907,1239602,63,100,27.09,232,0,1899140,0.61,0
11,4700328,348092,1234346,74,90,25.32,742,2,1294812,0.26,0
9,4508307,344024,1405744,83,85,34.02,968,1,1338936,0.31,0
2,4644910,67560,502857,73,88,5.43,364,2,1952033,0.11,0
12,931636,387207,769483,87,85,27.52,595,1,366983,0.83,0
3,4954489,224601,1428166,72,92,20.17,566,5,663225,0.29,0
3,886290,366362,38079,54,72,32.08,543,8,1877127,0.04,0
1,1961169,386606,1092796,93,51,22.29,962,1,999506,0.56,0
8,1980832,169487,151563,85,59,18.4,365,3,1981668,0.08,0
8,3416662,194286,112878,73,55,24.98,842,4,1869533,0.03,0
11,2564825,290141,1165159,85,57,30.01,267,4,1264487,0.45,0
9,4122380,131266,48720,54,64,13.47,643,0,618633,0.01,0
5,2653894,13679,1280452,88,94,8.23,344,5,919692,0.48,1
14,2380139,50308,1477389,55,78,17.99,486,4,1506920,0.62,1
3,3919194,216096,491567,94,77,11.44,110,5,909638,0.13,0
5,3483737,180914,362812,85,71,17.89,313,3,1466483,0.1,0
5,1632672,15695,682192,94,83,34.73,560,5,183059,0.42,0
19,764174,236812,972322,53,69,22.22,543,8,1301522,1.27,1
14,1822563,68499,406080,59,82,25.81,678,0,368938,0.22,0
4,2728474,33382,612666,50,64,25.34,668,5,772999,0.22,1
13,2407928,286379,1041137,70,56,29.62,869,0,544623,0.43,0
10,3971460,203295,8177,89,73,33.32,688,6,1976969,0.0,0
18,2665596,143438,701475,88,75,24.76,278,3,297733,0.26,0
8,4605113,168539,1433038,86,99,19.28,106,5,1496521,0.31,0
8,1613967,384612,1498002,52,59,14.53,177,6,1857193,0.93,1
7,3587990,16764,445170,96,64,15.81,513,4,636024,0.12,0
8,4927589,231968,1214502,80,86,15.03,205,8,1837850,0.25,1
14,3451830,123831,1006148,76,73,14.73,363,7,1591730,0.29,1
19,3611097,71836,993459,66,60,25.84,840,2,421539,0.28,0
6,1882978,304067,612363,72,89,22.63,888,0,1753202,0.33,0
1,3274126,265033,961454,62,70,11.06,760,9,739234,0.29,1
15,2819222,367855,327371,96,89,34.09,535,7,557424,0.12,0
1,2135772,26292,406051,76,87,17.83,588,3,966189,0.19,0
17,4768672,397057,1328253,100,64,21.98,969,6,1742249,0.28,0
1,2622952,293083,887889,69,64,26.08,528,3,1213861,0.34,0
15,3422018,253772,1418224,95,86,23.41,559,6,253886,0.41,0
2,2061663,28800,218930,62,94,14.33,35,0,1793726,0.11,0
14,1251690,66440,1452015,93,63,28.93,544,0,1064271,1.16,0
8,3110086,137521,534561,73,92,8.3,219,1,235688,0.17,0
8,249768,131327,679520,90,70,22.07,203,4,714388,2.72,1
19,3656000,59648,913456,52,93,13.2,328,9,1101197,0.25,1
7,3978271,387336,467601,92,69,23.47,835,5,846393,0.12,0
19,2463557,365642,508604,59,82,11.54,527,1,167713,0.21,0
6,2300326,301908,1228636,50,52,28.17,300,0,549257,0.53,0
6,317769,304614,1452140,98,89,11.83,853,8,1605795,4.57,1
3,497542,266160,607748,62,72,31.71,177,6,1297535,1.22,1
7,2726297,179573,248792,63,93,30.85,379,7,146811,0.09,0
19,3481121,67207,628759,82,96,15.87,278,5,770469,0.18,0
8,1128864,72157,628956,51,72,16.57,938,8,1383613,0.56,1
10,4262834,144288,1401146,51,76,26.05,176,7,549462,0.33,1
20,4793321,163144,1063205,88,84,7.71,444,3,425531,0.22,0
15,1131775,103778,835488,90,74,7.43,625,4,495340,0.74,0
15,2666511,140016,1169060,80,81,9.09,798,1,725846,0.44,0
1,3495784,134288,1145851,53,71,21.87,40,0,430093,0.33,0
20,3171679,178204,1482208,83,57,9.47,658,5,776131,0.47,1
7,4334608,120573,138966,68,100,13.33,366,2,630377,0.03,0
4,1448749,130730,1094649,86,87,24.41,939,3,1940841,0.76,0
6,2799098,74186,567383,58,67,5.47,882,0,771108,0.2,0
1,876337,277104,1210822,73,77,10.41,369,5,673596,1.38,1
5,2223553,28781,968305,62,77,32.9,980,7,1714947,0.44,1
1,2296419,247677,122388,93,60,24.91,404,9,1563179,0.05,0
4,3942918,267506,1289363,79,61,14.17,457,3,966106,0.33,0
2,4486476,41126,203508,68,51,6.36,475,9,597773,0.05,1
10,744344,248217,1163017,90,86,22.58,643,7,363846,1.56,1
5,1387030,378178,625070,59,53,11.69,765,9,527649,0.45,1
10,1304315,290027,1287919,100,90,33.81,565,2,646061,0.99,0
1,248639,39782,1484718,91,94,25.61,99,6,505641,5.97,1
6,2750206,328531,432043,93,94,34.22,471,2,352923,0.16,0
13,796682,158051,632551,63,96,30.47,614,5,1711439,0.79,1
15,4724105,305890,1486567,89,83,19.49,560,3,1625823,0.31,0
4,3110744,271161,1482993,97,72,25.09,508,5,906530,0.48,0
13,2080164,76266,815805,98,62,29.36,662,6,172519,0.39,0
20,4576751,10056,1338245,69,56,22.35,542,7,1563286,0.29,1
15,2645738,303601,389860,53,81,6.84,411,5,1015131,0.15,1
8,580069,142773,1415233,87,72,19.11,593,3,1094256,2.44,1
5,4398440,197453,653689,93,98,8.92,378,8,356788,0.15,0
15,2359020,191510,1145219,99,57,26.45,52,6,364541,0.49,0
4,2641559,345983,685846,88,99,25.42,155,8,1175346,0.26,1
12,3115751,90636,149712,54,96,34.79,940,2,924654,0.05,0
13,310957,379841,359838,91,96,23.86,619,4,1854643,1.16,1
2,4934071,76483,192527,81,86,29.0,941,0,312793,0.04,0
19,4513696,30505,979929,55,83,13.05,429,7,1766601,0.22,1
19,3077668,43525,56539,63,97,15.2,548,0,831997,0.02,0
4,1006017,221474,212736,55,78,32.51,110,0,1197609,0.21,0
4,3580575,106008,418158,63,86,27.66,432,6,1349686,0.12,0
11,1061501,54348,1116939,61,72,24.66,318,7,1489195,1.05,1
5,4660168,212259,189668,76,87,12.62,506,2,1084584,0.04,0
20,4675715,279417,605814,75,78,25.96,784,1,115950,0.13,0
11,1395344,336380,1345975,61,93,31.6,92,6,1349180,0.96,1
10,885328,216641,1241777,57,54,11.92,737,9,720369,1.4,1
8,616561,144607,478739,59,89,26.18,280,4,148787,0.78,1
6,4445871,224096,242723,65,60,16.81,709,0,975200,0.05,0
6,3276263,117157,610725,75,63,8.56,331,1,1601954,0.19,0
8,1969361,10908,1195925,57,98,27.9,978,2,714438,0.61,0
15,3960713,262299,657003,90,91,10.01,844,5,1244127,0.17,0
14,824913,211225,810161,94,51,12.59,751,0,595902,0.98,0
11,1721193,118352,1004127,78,84,28.49,704,7,1779214,0.58,1
12,1117999,105967,808250,69,94,27.26,184,1,1276519,0.72,1
13,3128339,361133,1114131,66,98,12.63,859,4,1997934,0.36,0
8,2233764,45079,1102205,68,84,33.23,354,7,1415706,0.49,1
18,594768,222628,1366158,66,91,11.46,521,4,1751349,2.3,1
1,4445576,121889,271601,88,77,34.81,751,7,316415,0.06,0
15,449264,272063,190701,50,57,27.14,823,5,1354404,0.42,1
8,4206622,321467,1344642,78,81,16.78,180,6,231307,0.32,1
11,4024977,362053,1451612,63,53,8.91,409,7,1287641,0.36,1
12,436538,56105,1474542,66,94,14.62,779,2,846440,3.38,1
12,4909751,142957,1418842,62,56,10.81,902,4,770196,0.29,0
4,3809134,11049,102020,78,88,23.66,991,9,1887086,0.03,1
16,353706,63281,234618,83,97,15.71,90,6,1050510,0.66,1
4,3540552,315415,902562,76,76,13.85,960,8,1895902,0.25,1
5,1027150,76697,165493,95,86,27.71,111,5,1563100,0.16,0
5,1986852,46534,773317,82,66,11.92,922,9,1476307,0.39,1
8,4736857,103034,213273,78,59,22.61,380,0,1830667,0.05,0
10,242137,68097,287744,86,53,10.84,340,7,175108,1.19,1
17,1641945,194885,210694,88,72,26.44,264,5,1608384,0.13,0
9,338925,297181,262051,68,63,23.75,43,0,845493,0.77,1
19,2833819,37278,1477963,95,54,28.94,576,3,1943506,0.52,0
14,3494900,149344,1372246,73,51,7.05,720,5,931498,0.39,1
8,3996098,371317,1061725,63,95,11.3,422,9,512209,0.27,1
9,575233,310438,161466,96,73,9.63,392,0,1161061,0.28,0
11,3739730,83277,1194044,86,67,10.72,947,9,1217712,0.32,1
1,2760272,14694,1465116,54,76,8.09,305,4,1363533,0.53,1
14,1934635,68150,1226846,73,73,21.86,852,2,1850059,0.63,0
5,2157792,77470,1000209,83,78,22.8,947,6,670552,0.46,0
14,424062,31556,112168,99,60,30.3,460,7,565284,0.26,0
4,2355138,205543,634101,80,97,17.53,935,2,1194182,0.27,0
1,631978,59086,1402499,79,67,20.97,872,9,398490,2.22,1
19,3702646,159979,256960,58,97,34.74,614,2,1252441,0.07,0
8,4091865,258399,948520,76,53,20.96,753,2,790671,0.23,0
15,4350579,189559,658554,77,82,22.21,901,5,1009448,0.15,0
15,1353891,109468,1343118,91,63,34.88,371,5,1104508,0.99,1
9,902214,305531,1315509,75,93,34.82,945,2,1321910,1.46,1
9,1960143,78602,478911,67,91,17.72,874,5,677454,0.24,0
10,425687,12460,1375687,85,81,24.05,238,8,1449795,3.23,1
20,3139701,82356,192206,57,100,19.42,504,7,529598,0.06,0
9,2442365,326842,261041,67,53,26.62,462,6,1489395,0.11,1
3,2961856,269925,1250534,69,69,33.15,237,6,989878,0.42,0
20,2271088,373890,360981,81,70,14.29,721,7,1677670,0.16,0
11,2313048,26191,1204625,78,52,29.57,86,6,1067162,0.52,1
6,229813,94631,101967,98,74,24.65,50,2,1440077,0.44,0
2,3411407,255702,393345,97,53,13.41,341,7,1469597,0.12,0
7,4135388,282673,1370403,67,96,28.92,269,7,1201731,0.33,0
18,473541,42175,1356051,56,60,17.81,585,0,420195,2.86,1
2,3949199,289819,248719,50,65,8.61,29,9,1273079,0.06,1
17,1815181,318942,441719,77,85,34.8,697,4,173147,0.24,0
11,3524714,343054,158621,82,55,17.77,870,4,227117,0.05,1
12,4234649,167048,731874,99,80,21.25,946,0,1830840,0.17,0
19,3338893,204188,707609,53,89,29.24,304,5,197486,0.21,1
7,4046342,350822,839096,69,62,33.83,172,5,1805643,0.21,1
20,1550816,72821,1020668,85,72,31.19,563,3,1877965,0.66,0
6,2613081,22204,795265,80,53,20.75,548,5,1593388,0.3,0
1,970348,279538,847090,87,86,21.37,390,5,829405,0.87,1
17,3021058,256464,505655,77,91,13.43,320,0,908722,0.17,0
11,2237171,336958,230099,52,86,18.88,836,4,1495595,0.1,0
18,658819,43593,918241,55,93,33.41,874,1,643599,1.39,1
17,1408060,218260,525587,94,82,26.81,165,6,1853945,0.37,0
7,644874,125064,1297816,72,91,5.36,606,8,1721039,2.01,1
17,4128683,63365,1376595,56,78,8.5,910,8,889152,0.33,1
20,2308701,250644,688280,85,86,32.71,655,8,1970798,0.3,1
9,3810160,230511,448052,50,68,30.46,71,6,1616196,0.12,1
17,2254048,216971,173453,55,100,19.58,423,6,1754149,0.08,0
20,1263692,113700,376430,73,69,23.51,721,0,1001498,0.3,0
8,4938637,369221,1002475,86,81,13.69,160,5,1619220,0.2,0
17,1143831,78247,885162,94,93,28.78,107,4,1569264,0.77,0
7,4430013,192631,318442,100,65,23.1,446,7,1957450,0.07,0
1,3274795,166270,1221743,85,54,25.84,103,7,123802,0.37,0
13,1930841,326884,444740,73,98,16.25,262,3,1858051,0.23,0
19,4073691,163560,516030,87,95,17.91,125,0,1161297,0.13,0
19,4623471,179587,1420545,94,61,11.23,623,5,1612179,0.31,0
17,4251939,300042,1164213,78,94,33.44,374,9,1970765,0.27,1
13,4699367,191142,261046,86,70,33.4,40,0,1840534,0.06,0
16,1069953,72613,984413,94,63,29.53,25,4,1045736,0.92,1
8,2783273,106707,25532,81,86,33.07,986,4,793531,0.01,0
19,3298056,383921,108197,74,71,24.96,240,2,1567874,0.03,0
18,2516374,57003,1179436,59,79,12.04,840,4,598370,0.47,0
1,913806,58478,60285,84,72,27.81,106,5,191402,0.07,0
14,4393616,69030,805298,74,54,14.76,711,4,1674803,0.18,0
19,3639187,194133,271639,76,78,18.21,472,0,1442709,0.07,0
15,2957506,155921,246130,94,79,13.23,361,6,1893181,0.08,0
18,950774,256160,1318557,81,67,17.71,412,2,1221827,1.39,1
2,3557963,324944,514938,61,95,25.38,371,6,1877899,0.14,1
17,1124993,277589,972980,53,99,8.32,265,4,339351,0.86,1
18,553791,159112,258750,91,50,8.16,989,2,1382147,0.47,0
6,3640227,272390,292490,75,88,25.51,705,5,561538,0.08,0
19,1584525,41153,108621,52,66,28.39,132,0,900886,0.07,0
4,3717778,277356,1043350,66,52,21.54,990,5,659811,0.28,1
1,316220,144411,1334132,58,91,10.45,602,3,1441527,4.22,1
8,421421,66238,481615,78,56,17.92,177,3,642755,1.14,1
7,549317,326015,118833,50,76,27.75,830,4,1710041,0.22,0
3,4121087,372816,1472596,67,77,25.57,256,8,243359,0.36,1
10,3127971,306751,65206,90,93,8.3,718,0,935099,0.02,0
10,1232469,62055,10934,69,80,34.07,262,2,1292486,0.01,0
19,3348817,114509,292867,90,64,11.7,185,3,1573857,0.09,0
14,1531379,145467,1462197,83,97,11.61,53,1,1646666,0.95,0
2,3858997,137378,701773,100,57,18.8,274,8,1120420,0.18,0
1,4741490,97687,939858,77,55,14.82,321,6,1465979,0.2,1
18,1617191,337222,991994,97,77,34.52,239,0,1634604,0.61,0
7,3547526,112652,908420,84,53,7.29,51,8,1066371,0.26,1
8,3677983,335341,481891,65,79,14.19,931,5,399016,0.13,0
1,4631407,65773,241630,70,92,16.48,954,1,1135741,0.05,0
3,889925,212668,383094,62,66,19.8,788,0,349912,0.43,0
8,2386394,391087,975197,84,83,5.49,528,5,634810,0.41,1
15,1247146,37584,166804,91,55,7.47,501,6,1262684,0.13,0
5,1402532,254901,224310,81,85,12.73,252,9,1833068,0.16,1
3,2881478,275482,1290600,99,84,21.62,972,5,1189001,0.45,0
19,3193220,72601,257476,87,88,28.03,234,6,1940486,0.08,0
1,960330,146559,281260,55,88,25.59,261,5,718161,0.29,1
15,3132878,46282,1161434,99,65,22.01,264,7,290427,0.37,1
8,3030527,236137,76620,87,51,16.92,39,1,676081,0.03,0
2,1022564,387591,962275,87,57,31.12,229,8,1415745,0.94,1
3,2595406,105798,421972,62,64,18.79,741,8,369908,0.16,1
14,3671888,140963,82604,95,76,13.98,445,8,823008,0.02,0
14,2343385,380755,618740,88,65,23.88,91,6,1505782,0.26,0
11,2268884,169876,1216172,62,50,25.76,693,8,1966529,0.54,1
16,2748600,150987,1496398,96,59,16.95,197,0,795752,0.54,0
4,2403463,283302,724179,61,56,5.84,542,2,390951,0.3,0
20,3904425,215229,285356,82,97,7.82,894,1,1866137,0.07,0
5,4116247,20547,302262,77,59,30.37,318,0,1092241,0.07,0
14,2185404,360857,166901,52,61,6.7,285,4,1428733,0.08,0
16,2326861,274603,187381,67,66,22.76,539,0,1422031,0.08,0
18,3979337,73146,452889,75,94,10.51,514,2,785987,0.11,0
7,2251723,375721,1300772,89,61,11.87,987,5,180483,0.58,0
10,1248939,117761,436060,51,64,13.2,294,5,1944049,0.35,1
7,4142518,375871,982212,53,95,6.15,724,2,811873,0.24,0
1,4889133,322604,796184,99,100,10.32,842,3,433940,0.16,0
19,4378465,92970,1261196,77,81,24.51,967,6,385450,0.29,0
16,596456,201889,433886,77,81,19.96,790,5,1847763,0.73,1
19,1098704,179319,1247251,74,100,28.92,72,1,451230,1.14,1
4,3961090,25419,686838,75,75,6.84,831,8,1765015,0.17,1
18,375037,45577,419655,94,63,31.67,627,5,1815363,1.12,1
2,4602910,12921,952251,96,99,34.89,835,1,1640574,0.21,0
1,3076262,154535,771784,51,75,5.47,841,6,1838014,0.25,1
15,4382531,166546,1471602,91,54,34.03,419,9,1278004,0.34,1
5,3471593,313079,1376956,83,87,12.08,433,9,577279,0.4,1
20,1229516,135534,64467,79,99,25.78,623,3,1735824,0.05,0
11,1896609,266872,1413070,70,95,13.77,943,0,1474461,0.75,0
10,3769769,82828,952345,93,53,20.65,675,9,329789,0.25,1
2,3809684,133649,1036853,86,77,20.31,508,8,1994008,0.27,1
3,228885,361206,962217,93,50,15.83,521,9,913639,4.2,1
12,4790723,65152,1491338,72,62,26.53,326,7,1938944,0.31,1
20,3012753,230073,780196,82,92,22.99,436,4,838674,0.26,0
5,4789764,368635,789480,51,52,20.25,528,2,1986783,0.16,0
5,4754770,233393,338781,76,98,34.49,940,3,1429394,0.07,0
6,3329985,96569,291922,97,99,33.2,549,2,1329438,0.09,0
9,1579339,344611,1207073,71,74,33.66,657,9,1949382,0.76,1
2,2318736,166844,762405,83,91,31.44,685,7,1768992,0.33,1
12,2043529,169562,738748,65,65,12.65,25,4,1787904,0.36,1
3,1019973,132537,120918,69,70,15.5,441,7,227401,0.12,1
20,2850503,63806,1499968,75,62,11.93,959,0,246389,0.53,0
12,1318844,85992,1454466,65,93,34.59,470,8,915613,1.1,1
17,3077746,294464,455618,55,85,9.58,446,9,1029284,0.15,1
10,3996234,351115,1269555,94,57,16.0,409,2,337819,0.32,0
14,1628926,268852,772793,93,93,10.97,353,0,305468,0.47,0
17,4094142,183217,11957,72,68,11.7,467,2,415138,0.0,0
18,3516363,204760,971120,91,96,12.41,357,1,1927132,0.28,0
19,1657913,320725,17829,86,65,24.19,867,6,1693266,0.01,0
17,2167754,365789,1316557,57,61,7.28,107,9,1921550,0.61,1
14,1446729,30754,146104,55,69,22.18,288,3,778636,0.1,1
9,2981652,79837,1148346,86,67,29.58,84,6,1745642,0.39,0
8,2291219,148279,30215,71,61,28.0,697,2,749177,0.01,0
2,1188167,228811,1498111,55,97,9.54,83,5,1503777,1.26,1
13,4417635,395890,730002,81,74,32.44,289,6,887484,0.17,0
7,4417308,124780,1351967,66,60,28.1,676,6,1688264,0.31,1
9,3584169,97081,1011806,87,71,5.16,396,4,686268,0.28,0
11,3202827,296160,653980,66,95,27.12,864,5,1758347,0.2,0
14,3749436,332666,698408,86,83,27.12,800,2,649987,0.19,0
4,648013,393040,774474,72,62,19.9,348,3,920543,1.2,1
13,2486319,122099,1021740,98,95,6.38,921,5,575705,0.41,0
2,1131253,161174,206604,98,87,22.4,537,2,1374578,0.18,0
5,2044053,376573,591002,62,61,27.97,652,6,1996073,0.29,1
11,742955,274068,297463,81,88,13.13,881,2,222378,0.4,0
6,3750227,95015,643346,71,85,25.01,440,8,181798,0.17,1
18,3507735,114987,278169,56,77,15.62,332,3,562668,0.08,0
10,4991126,64333,9780,71,76,22.22,328,1,567944,0.0,0
4,1998278,225530,809138,70,88,16.54,833,5,1839627,0.4,1
9,3508424,187171,698276,55,62,14.11,865,8,596065,0.2,1
6,573145,198418,75503,63,92,30.68,663,9,802557,0.13,1
2,3654373,136372,161928,65,89,27.62,821,9,333301,0.04,1
17,2253413,216553,1057755,52,76,15.36,981,1,414548,0.47,0
5,885611,360639,693983,58,100,18.04,978,3,1733600,0.78,1
6,1857387,79767,672947,96,80,25.75,208,4,225210,0.36,0
12,2991241,114332,679093,70,51,29.33,740,8,1958950,0.23,1
10,2837174,153279,781570,99,67,25.53,61,6,1086432,0.28,0
6,1420985,311570,481522,79,75,21.23,609,4,1822937,0.34,0
8,3779269,16336,1171652,79,91,33.63,339,5,652984,0.31,1
2,545744,384344,135047,91,80,28.22,676,8,1170895,0.25,0
12,2228594,216238,1303053,91,87,8.47,464,3,1447843,0.58,0
13,2043441,289400,337282,81,71,21.74,393,1,1592957,0.17,0
7,2804325,240517,700823,72,85,17.29,305,4,511527,0.25,0
10,2961623,190889,173226,52,68,28.85,190,6,1044624,0.06,1
13,1876850,305863,1255324,50,63,6.34,624,3,858996,0.67,1
17,3983799,314161,511559,52,63,17.32,282,0,122642,0.13,0
14,2056759,55704,116905,86,99,14.55,988,7,1046875,0.06,0
2,4086932,302157,1077406,56,78,9.24,961,4,1778083,0.26,0
11,632184,352135,292753,52,66,16.36,554,9,185639,0.46,1
1,1409725,342402,541689,85,99,25.18,823,1,1918089,0.38,0
19,2536806,350492,420945,98,99,15.85,161,2,1881337,0.17,0
4,4822295,236884,889912,52,86,22.4,167,9,1082748,0.18,1
19,3534944,177848,1166854,53,58,22.78,459,9,437423,0.33,1
11,3108087,282204,700527,80,50,22.61,647,4,265522,0.23,0
8,858139,229182,225253,51,53,20.89,612,3,1361952,0.26,1
11,3170424,322067,189243,63,56,8.51,435,8,1366276,0.06,1
4,4305513,88563,481312,86,60,11.55,44,8,212033,0.11,0
17,4517293,145102,137719,80,63,29.0,646,7,332412,0.03,1
7,4670697,99779,1316735,51,91,20.07,113,1,1617786,0.28,0
8,3261481,174361,283650,80,68,26.18,324,4,1434127,0.09,0
3,2931801,109704,245221,96,89,22.1,204,7,825548,0.08,0
2,499850,271757,1072643,92,52,6.16,302,7,1147614,2.15,1
15,4151382,120234,1046371,71,57,28.89,174,6,1939453,0.25,1
5,241139,333831,392963,59,78,6.93,705,3,1886245,1.63,1
1,971965,46491,254770,79,99,33.3,882,2,1786307,0.26,0
4,503446,236621,553616,82,86,11.46,704,7,524312,1.1,1
15,3571484,344259,864144,68,92,20.37,685,7,741089,0.24,1
20,1598558,390079,52832,95,58,6.91,33,9,1018646,0.03,0
19,1185663,355922,1091347,74,68,31.85,909,4,936329,0.92,1
3,2961158,30448,97421,95,61,34.4,835,2,296557,0.03,0
20,1917479,323694,1226163,50,76,9.39,659,4,450215,0.64,1
11,1998432,59294,588826,81,86,13.87,360,3,429410,0.29,0
17,1245716,293590,1350871,74,97,5.48,623,7,556418,1.08,1
13,4023873,348723,1394183,90,74,28.61,802,1,685754,0.35,0
11,3161937,226461,290299,66,94,14.34,753,7,579521,0.09,0
2,4294638,386823,775817,63,87,22.67,492,9,235195,0.18,1
9,3135012,95615,149360,94,97,6.18,838,5,561982,0.05,0
2,3893793,27101,1361308,62,99,26.46,841,3,340784,0.35,0
9,2320700,300160,218023,87,66,20.88,926,2,1167474,0.09,0
9,2753589,160004,691445,88,93,26.75,127,9,534283,0.25,0
8,1898413,100481,1043904,51,82,28.69,350,4,1456666,0.55,1
17,2731069,62802,535539,81,88,7.68,559,5,479318,0.2,0
1,4838807,279693,1150996,81,63,22.34,458,0,1398634,0.24,0
11,337799,220005,271767,89,77,24.5,728,0,436648,0.8,0
8,381789,166434,217544,55,67,20.5,731,9,1079933,0.57,1
10,4017780,57842,1365435,74,82,10.47,685,2,1287640,0.34,0
7,4370163,56539,268267,52,91,28.87,403,1,1269708,0.06,0
3,4828656,43717,1313781,67,64,34.92,601,0,417317,0.27,0
3,1002009,256281,1154969,99,60,34.08,179,7,634413,1.15,1
18,4506080,196272,778504,87,85,28.33,451,0,777790,0.17,0
5,412803,125042,888467,92,64,17.54,883,9,698453,2.15,1
12,2455913,137922,1349815,52,97,15.12,415,7,1419946,0.55,1
12,2654244,102447,190690,97,79,7.06,985,4,1559012,0.07,0
19,4415645,355546,945955,54,64,17.49,992,3,891134,0.21,0
6,1454329,314751,868329,73,98,9.68,634,7,1542433,0.6,1
2,3070581,168693,380149,83,72,12.63,507,7,398086,0.12,0
12,3694679,22823,85141,96,92,31.76,767,7,314800,0.02,0
19,278840,39986,491008,97,99,34.06,208,2,1795205,1.76,1
5,361297,131682,732228,88,97,33.46,437,7,1859341,2.03,1
12,3169656,74325,1012516,97,64,10.8,362,0,1414595,0.32,0
17,2131375,260476,1213138,73,78,32.03,380,3,1059106,0.57,0
17,4443460,67771,1094633,85,60,9.25,128,4,829790,0.25,0
10,2505433,64973,211818,77,94,20.23,868,5,1610176,0.08,0
17,4420242,155762,1269343,97,67,24.31,320,4,771437,0.29,0
15,2287001,311251,990604,98,89,18.87,387,4,1012229,0.43,0
12,2881722,67888,696403,83,80,33.56,274,4,1807548,0.24,0
16,3655673,20956,1397475,65,58,15.0,335,8,696886,0.38,1
19,4796985,96839,167659,85,71,20.82,724,9,601434,0.03,1
8,1931530,177605,1314084,56,60,7.26,90,9,1642650,0.68,1
17,3612635,111131,513993,67,66,30.57,288,2,450384,0.14,0
5,341900,339738,987358,55,82,17.4,865,1,1215574,2.89,1
16,3573694,197973,510684,99,60,26.02,520,9,1596906,0.14,1
6,4177497,21519,601303,77,88,25.47,228,1,1319227,0.14,0
8,868875,172187,1187046,88,57,25.29,497,7,701798,1.37,1
18,4990287,11832,1444244,83,100,20.21,195,4,985246,0.29,0
12,453078,123922,1397928,100,53,13.33,258,4,1445644,3.09,1
15,568893,115474,950697,90,85,23.75,912,5,1020423,1.67,1
9,3301883,79715,549633,78,68,33.85,964,8,1891047,0.17,1
13,915295,343979,1396615,53,73,30.02,629,6,1482888,1.53,1
15,2078798,83366,729695,63,90,8.26,878,4,960892,0.35,0
10,4200740,47570,976700,54,98,5.7,461,4,668198,0.23,0
16,1192652,147687,1202701,74,67,19.97,620,9,1914392,1.01,1
7,1254212,48311,780912,88,82,28.27,783,8,1969013,0.62,1
17,2558730,362389,1017932,57,95,14.42,511,8,183400,0.4,1
7,3685001,113187,398231,64,85,26.04,118,1,1683521,0.11,0
14,2280563,295578,1276849,68,59,32.96,348,6,1166970,0.56,1
15,2168972,96879,313260,60,63,18.77,345,9,958865,0.14,1
7,483816,25739,153023,69,56,12.32,464,0,662685,0.32,0
9,2040820,76202,1408319,85,61,32.53,685,3,1696738,0.69,0
19,4915697,108580,229351,67,71,19.17,314,1,1309521,0.05,0
16,2876073,234491,316575,63,76,17.24,461,9,1660679,0.11,1
8,2877374,89599,797163,87,97,15.6,814,8,123670,0.28,0
18,2924903,174721,674104,74,86,17.69,827,5,1290599,0.23,0
18,325851,241436,1373814,65,60,25.21,910,3,295141,4.22,1
20,2850527,126770,376756,67,85,18.01,50,2,810712,0.13,0
7,994878,311614,528222,50,62,14.73,150,3,1819704,0.53,0
3,2253262,347109,1125521,89,81,27.31,747,1,1870049,0.5,0
18,2137135,397476,775842,50,57,11.09,546,4,1041967,0.36,1
10,2608163,189693,916875,50,56,11.06,457,8,1751769,0.35,1
7,2741396,271051,621234,100,92,25.89,345,5,1179412,0.23,0
17,426179,124300,139244,70,92,31.0,286,1,1815624,0.33,0
14,2272171,310141,721673,74,66,12.24,305,5,1952210,0.32,0
3,3848444,201012,1178350,76,71,10.73,310,8,107188,0.31,0
12,4744340,181796,1330483,59,95,25.11,387,3,1988334,0.28,0
13,2679340,369949,493938,99,83,23.62,505,0,769495,0.18,0
2,1400346,172776,489922,61,69,18.42,574,1,1445377,0.35,0
3,685287,394346,1134573,77,57,7.88,976,4,1280206,1.66,1
5,4183820,251942,241830,98,71,7.75,187,9,1856021,0.06,0
11,4167610,12526,138876,81,76,28.32,880,6,343370,0.03,0
8,1960399,345483,1028831,82,83,18.55,490,7,126195,0.52,0
12,495901,278718,965098,57,70,30.74,957,2,1163019,1.95,1
7,3284903,280877,209820,91,64,22.24,786,8,1081790,0.06,1
15,4335247,322434,611477,75,54,23.56,189,1,1115054,0.14,0
17,4343403,344937,329669,91,87,33.03,906,3,1696079,0.08,0
4,2403531,46051,623536,99,66,9.94,790,3,105949,0.26,0
13,1269412,25909,548892,90,57,21.29,365,5,1451131,0.43,0
18,4615743,87338,693278,51,68,6.74,97,9,280293,0.15,1
1,2232623,345576,129716,84,54,15.77,870,5,1409058,0.06,0
16,1435296,300277,161919,83,72,9.44,104,2,478021,0.11,0
13,3503131,192643,534968,55,68,10.64,911,8,1741302,0.15,1
10,3153028,89062,95619,80,63,33.04,680,4,424665,0.03,0
12,597595,191980,55037,72,59,23.32,220,1,1824660,0.09,0
2,3993092,383690,624257,61,80,31.76,608,5,1356492,0.16,0
3,1931041,61458,1159691,100,62,18.31,380,2,846155,0.6,0
10,3790511,327559,58914,77,71,22.93,781,7,695719,0.02,0
2,2617209,232159,1155831,64,86,5.96,584,2,1778718,0.44,0
13,726925,326304,534637,68,88,19.09,831,4,384225,0.74,1
13,3125609,326543,206068,61,59,21.92,321,3,1717596,0.07,1
18,4108005,297442,952057,99,80,5.5,312,3,229808,0.23,0
3,956547,241946,552813,97,92,28.68,313,1,1500902,0.58,0
7,806752,163263,1316668,51,84,13.86,128,7,974336,1.63,1
14,1539462,174164,538786,60,62,18.57,384,2,1074371,0.35,0
20,2410920,99407,936495,93,79,21.07,619,3,1764238,0.39,0
17,1337317,216329,59790,86,83,34.77,697,5,1074403,0.04,0
12,3157532,72513,26245,87,85,7.98,513,8,1543947,0.01,0
16,2366354,323241,1179886,74,84,21.66,286,3,1047407,0.5,0
12,499189,155476,937424,92,96,20.92,112,2,861620,1.88,1
15,1759049,45198,46659,70,53,7.07,704,4,1571185,0.03,0
10,2454851,235295,599162,91,53,24.02,83,8,227277,0.24,1
7,2574494,322141,304661,85,96,13.61,447,0,277581,0.12,0
20,1055953,274323,650906,58,55,8.11,657,4,863227,0.62,1
5,704655,12019,600173,61,77,10.36,387,3,1327882,0.85,1
1,3976487,91455,570638,59,79,29.71,761,4,577051,0.14,0
17,4161635,226311,778539,95,76,8.12,124,6,1638575,0.19,0
3,436824,159776,945778,54,54,19.01,228,6,1009038,2.17,1
13,3857942,159102,307157,82,93,10.86,593,6,1818149,0.08,0
14,1267979,399027,761563,54,88,9.87,771,0,1930621,0.6,1
18,3349409,341589,39913,65,84,11.17,493,8,227927,0.01,1
4,4748003,345695,1283813,86,88,19.78,80,6,1021855,0.27,0
18,4225282,13420,1356539,86,93,12.13,365,3,926668,0.32,0
5,1888124,332019,82168,78,64,7.9,31,3,1686105,0.04,0
16,4043380,188725,1403400,67,68,29.04,485,1,351024,0.35,0
1,4366289,26740,1020131,78,79,21.19,668,5,253251,0.23,0
14,2926826,337407,1405512,55,87,9.71,214,9,978091,0.48,1
15,2006242,115789,720270,67,81,19.14,93,2,1720529,0.36,0
9,293246,29465,396076,81,89,7.05,894,0,1209818,1.35,1
15,408886,14131,49875,91,78,22.41,405,4,1677319,0.12,0
17,2567713,20652,145991,96,55,15.21,155,5,140459,0.06,0
4,1629608,228115,1058162,80,75,8.11,903,4,1209475,0.65,1
12,4263068,319815,51986,60,76,10.51,574,4,117597,0.01,0
5,3590888,255289,1333775,75,84,15.37,933,9,1990599,0.37,1
5,2484798,99342,428106,77,77,29.19,455,7,601852,0.17,0
11,1732337,291315,456297,76,54,10.21,58,9,1981217,0.26,1
6,983566,227201,553095,68,90,8.29,562,0,1419772,0.56,0
7,3111259,269820,1265568,94,97,20.48,673,7,338557,0.41,0
14,2267791,196764,1117201,76,65,21.76,339,6,604291,0.49,1
11,4929924,68541,318461,69,90,7.71,890,0,1708555,0.06,0
13,979105,19470,433194,52,67,13.53,884,8,1690680,0.44,1
2,1116992,202416,1327153,65,62,12.88,575,3,952308,1.19,1
7,420326,54308,1081858,88,92,10.59,719,6,418677,2.57,1
20,4713552,145669,764634,93,74,14.47,372,2,1257449,0.16,0
4,3722810,112840,130843,78,59,6.11,533,7,114206,0.04,0
8,3426458,171860,632621,64,78,24.55,502,3,1835454,0.18,0
20,1646743,59477,155205,79,59,34.65,435,1,1018702,0.09,0
19,4684781,118261,523566,89,55,24.02,823,1,1141851,0.11,0
13,1100853,112466,574605,98,65,15.83,842,7,541960,0.52,1
14,4647321,305215,1176454,50,74,25.04,389,7,1489286,0.25,1
10,851824,80560,1157321,78,93,22.15,362,0,1852166,1.36,0
11,4727549,265392,391374,79,53,30.4,978,5,1047752,0.08,1
2,3106405,271278,590238,89,86,23.66,344,8,878161,0.19,1
9,3371222,348906,583900,95,83,24.02,386,8,367078,0.17,0
17,4769146,176471,64873,81,68,11.65,355,1,1828863,0.01,0
3,2670856,254413,742138,59,82,17.47,315,7,1007730,0.28,1
6,3339782,198511,193074,76,53,15.33,43,7,912309,0.06,0
5,2577942,12369,970012,100,93,5.34,904,3,1357015,0.38,0
5,1850224,382107,493936,57,83,14.4,461,3,905903,0.27,1
15,1548055,238629,693739,100,61,19.58,123,4,575591,0.45,1
17,1055783,272672,1398105,85,80,23.0,431,9,1678717,1.32,1
9,2430653,118806,908312,91,65,33.04,593,6,1446738,0.37,0
3,784942,171386,949180,84,51,12.17,684,0,1993509,1.21,0
20,4763870,112979,874024,85,98,9.57,794,8,1673121,0.18,0
17,1620654,291892,368708,97,51,31.08,313,2,1371869,0.23,0
10,2417127,45109,1002987,85,85,33.26,986,3,1525889,0.41,0
3,923503,23919,1421672,74,55,19.64,906,6,326780,1.54,1
18,3699058,319642,177182,69,72,8.46,262,4,1571463,0.05,0
18,3712106,327952,1009241,94,88,19.56,361,4,1684169,0.27,0
17,548848,221864,397968,66,96,8.28,873,0,1330196,0.73,0
3,2197179,80441,478921,72,93,31.5,878,1,1049620,0.22,0
3,1681177,385987,1302871,74,86,26.24,652,4,1907658,0.77,1
6,366991,346564,110282,97,95,12.23,884,1,1907411,0.3,0
13,4491256,379591,958999,98,65,31.6,192,0,359450,0.21,0
15,4192942,76896,221538,80,92,24.14,435,9,1269337,0.05,1
9,2630412,113431,191958,55,93,33.6,122,2,1761843,0.07,0
4,4860110,57020,332703,84,68,34.41,179,0,253911,0.07,0
14,1076058,215338,1259489,53,98,5.1,276,9,110818,1.17,1
5,2343167,294305,1457938,89,73,8.61,733,7,106202,0.62,1
2,302877,37738,771393,69,76,21.41,576,7,344015,2.55,1
11,3868893,144997,1234491,90,56,33.68,595,7,1187522,0.32,0
9,4788226,67153,1300338,50,79,34.83,215,6,379175,0.27,1
3,1745329,224020,601025,94,90,22.02,410,6,506514,0.34,0
9,3272753,71009,1131022,75,63,10.21,953,1,1903851,0.35,0
3,591670,360082,1137143,83,93,9.89,89,8,1112202,1.92,1
2,4826043,371690,810068,59,64,27.92,712,6,558527,0.17,1
12,1894512,182624,1393570,72,61,22.76,862,4,1601404,0.74,1
10,4018806,328415,182506,100,78,21.46,266,3,1136076,0.05,0
9,1550339,281941,1132442,98,72,18.97,348,7,212212,0.73,1
15,3619998,358274,62726,73,62,26.75,177,4,1572634,0.02,0
8,4352363,81942,867333,62,58,30.74,937,5,326405,0.2,0
5,3934942,128065,665468,78,73,14.09,717,3,1113530,0.17,0
11,240633,286109,593184,95,88,11.63,762,1,776726,2.47,1
2,1457302,285877,173625,76,79,25.11,604,6,455640,0.12,0
15,1251893,399326,769680,80,50,32.44,74,1,1547872,0.61,0
6,4701428,167998,1362797,92,59,15.44,505,6,1357965,0.29,1
8,2078166,169855,3625,59,87,13.17,262,6,215446,0.0,0
5,3786575,93360,1086813,80,96,11.78,833,0,605491,0.29,0
16,4050404,177466,1223,88,64,12.63,372,9,1442662,0.0,1
18,3623376,380522,190375,59,58,9.05,429,9,641304,0.05,1
6,3021105,205868,65197,73,62,22.9,979,2,124232,0.02,0
5,2072204,300431,1285062,82,72,13.42,995,2,947360,0.62,0
16,2100946,92104,1385413,63,82,23.45,924,5,886028,0.66,1
13,1126109,171508,1348480,84,58,7.49,746,2,1733227,1.2,1
5,908669,359060,1437912,94,52,8.46,34,8,1310243,1.58,1
13,4427939,231404,1499758,83,79,21.08,166,4,1022950,0.34,0
17,2507539,275332,1339744,66,58,20.35,509,5,1926825,0.53,1
18,3426419,101205,809634,70,74,13.15,675,5,439925,0.24,0
8,2796882,242321,905846,81,96,29.81,44,7,1526392,0.32,0
13,4165292,369493,1100100,52,73,10.61,630,9,1607996,0.26,1
19,1206891,147837,1477859,64,81,15.82,710,2,146094,1.22,1
3,4147526,229779,402576,57,56,21.67,352,8,1639858,0.1,1
8,927467,151879,360372,81,85,31.02,193,6,1949830,0.39,1
2,4850100,20204,1153331,87,74,17.56,794,5,1689689,0.24,0
8,3198851,233674,278137,75,69,16.96,309,0,1563853,0.09,0
13,3861306,199016,837991,79,66,22.39,589,3,386993,0.22,0
13,2223969,314264,283392,58,85,14.5,865,4,1857801,0.13,0
1,1197057,112903,1487644,81,75,26.28,810,1,1174178,1.24,0
6,3874153,309225,922531,60,68,12.46,938,0,1396709,0.24,0
19,4948584,266687,1314980,71,86,29.7,164,1,1895605,0.27,0
16,2412292,44986,9012,83,97,13.17,928,7,1053398,0.0,0
8,4570297,351466,1074399,90,52,34.78,141,9,1970709,0.24,1
1,3818313,366963,1095603,67,92,14.49,46,5,1534047,0.29,0
16,3150501,60304,1257815,68,77,31.36,85,9,1692616,0.4,1
9,1584410,337736,345938,67,71,16.92,120,1,1307917,0.22,0
13,2507199,330692,811531,86,96,12.38,945,8,1119614,0.32,0
11,486100,370591,823424,67,68,11.78,407,7,1833076,1.69,1
13,4458183,49986,906374,61,95,30.51,113,3,1655191,0.2,0
10,2248880,346239,1014416,53,65,14.26,86,9,252711,0.45,1
4,2669606,101594,1190625,96,55,15.16,269,6,1549858,0.45,0
6,3239316,360425,973738,92,86,10.91,161,2,177045,0.3,0
7,1245533,76151,702736,76,80,33.84,286,5,1287909,0.56,1
5,1485844,345742,1057794,100,98,12.34,571,2,833664,0.71,0
11,4873584,300358,1332508,54,97,12.42,234,9,1241265,0.27,1
13,1756232,310889,1069077,55,83,33.32,508,2,1546377,0.61,0
19,987600,183620,733349,62,80,32.03,515,8,1464470,0.74,1
10,4701572,151753,628021,72,60,12.47,499,5,1438352,0.13,0
10,4167454,148056,277354,91,85,30.94,662,7,662873,0.07,0
11,1685619,168651,1177052,74,55,12.49,509,3,100116,0.7,1
7,2038524,362954,700849,95,76,7.53,20,3,377760,0.34,0
18,1399399,244347,223989,53,56,29.61,28,7,445877,0.16,1
4,2851813,196005,850153,81,98,28.15,899,6,737534,0.3,0
2,322026,172553,488260,93,81,13.84,860,4,916022,1.52,1
14,1481507,10944,1484445,64,57,7.7,399,1,477735,1.0,1
13,3410912,103993,479894,75,82,11.19,863,5,296508,0.14,0
12,2804684,281258,1220598,91,96,28.13,916,0,1898571,0.44,0
7,935053,311990,196983,60,93,33.94,163,6,1114898,0.21,1
2,762167,224738,351477,58,64,12.77,881,8,370829,0.46,1
13,3319712,218920,1331502,60,76,29.55,859,4,614109,0.4,1
14,511741,266805,509590,51,79,11.84,321,4,1742258,1.0,1
17,4397930,304740,1086356,94,71,25.39,669,6,1818074,0.25,1
9,1858800,114087,948244,76,96,7.51,436,4,1507472,0.51,0
17,1743971,279051,782734,75,78,22.56,889,9,119067,0.45,1
8,2007737,265035,524338,57,90,13.08,828,3,1857263,0.26,0
2,3951531,169186,924094,70,97,32.78,198,0,202034,0.23,0
13,2505289,297153,564493,70,79,13.69,297,5,794756,0.23,1
3,3231301,356990,1360466,57,51,16.95,163,8,613045,0.42,1
16,3044472,322385,668465,50,64,30.22,358,3,735474,0.22,1
6,344454,176797,1479291,87,96,18.15,478,9,138211,4.29,1
19,4830746,291140,429857,62,76,12.15,721,3,1117348,0.09,0
7,454043,300911,1047813,58,56,21.43,968,4,458660,2.31,1
10,2760079,288491,173104,77,76,30.2,350,5,304696,0.06,0
9,2045733,112063,300660,55,70,18.0,289,2,402871,0.15,0
2,4504388,34102,349301,96,62,8.99,206,8,638752,0.08,1
15,1214391,14263,1443268,72,66,16.49,685,0,1067281,1.19,0
5,673006,380729,119558,97,60,33.63,191,5,1259451,0.18,0
4,4374904,77438,302944,85,59,7.16,423,5,770766,0.07,0
20,3084991,106359,560076,66,82,17.25,487,7,613876,0.18,0
4,273568,140251,1169330,58,63,24.44,266,4,1751899,4.27,1
18,3404288,181915,288384,61,86,7.36,920,8,1875634,0.08,1
4,1397442,37690,504204,71,57,15.35,980,8,164086,0.36,1
17,1399529,12994,404138,100,82,33.22,542,1,1810733,0.29,0
12,1990228,113533,850630,61,56,5.92,578,4,104858,0.43,1
17,2523176,77546,1369459,55,83,27.55,797,6,1346021,0.54,1
10,1429351,350716,274233,93,56,30.24,848,1,1928831,0.19,0
1,1161858,36467,556888,58,56,13.31,130,6,624145,0.48,1
18,671678,256590,177248,86,90,11.44,832,8,1085055,0.26,0
18,1629740,141120,864784,52,85,32.44,322,7,357031,0.53,1
14,3182885,178050,348109,83,56,27.92,949,9,1661636,0.11,0
15,4408694,319750,387684,57,69,8.4,905,8,1146101,0.09,1
12,697619,370256,817847,59,67,11.37,928,3,354023,1.17,1
4,418547,83414,1030358,96,94,23.64,492,7,1209372,2.46,1
3,751595,365289,1120471,90,92,17.58,810,8,427653,1.49,1
20,4621740,190294,866332,91,90,20.13,311,9,410537,0.19,0
12,2522273,58115,1107226,92,63,33.55,978,1,1549026,0.44,0
7,2284820,361750,1049191,58,89,17.61,271,9,825644,0.46,1
11,1622533,50647,700972,63,63,31.45,607,2,1832390,0.43,0
1,4039346,64607,864369,86,70,24.82,194,0,558815,0.21,0
6,4058804,31996,522915,76,98,8.65,128,0,272061,0.13,0
15,2525452,93697,1352656,90,76,27.34,981,9,1963555,0.54,1
15,1593488,318166,369956,81,95,20.61,359,5,415948,0.23,0
19,1128252,312292,1031362,53,75,11.75,867,0,1466661,0.91,1
11,787073,77764,330019,51,76,13.69,33,4,1958575,0.42,1
2,800338,364045,1110276,100,73,21.72,712,5,1413045,1.39,1
14,4941330,362868,8109,82,54,23.05,341,8,1744250,0.0,1
2,274231,396910,23758,70,91,34.05,964,5,941948,0.09,0
4,3726185,249190,743987,50,87,30.64,803,3,1276768,0.2,0
17,4345466,18888,895024,93,77,11.18,983,0,1431869,0.21,0
3,2050131,229738,537605,60,91,28.22,62,5,1413599,0.26,0
13,4888200,231432,200073,50,92,5.25,480,6,708989,0.04,1
9,2453840,371085,968927,95,81,8.89,121,4,1095353,0.39,0
7,2793050,289477,1074198,60,73,10.99,644,5,1625857,0.38,1
15,4222529,46355,508911,56,55,22.92,724,9,182195,0.12,1
11,3313534,240487,531088,51,59,10.84,28,7,1949916,0.16,1
20,3800957,139686,233259,64,95,15.96,168,0,360987,0.06,0
2,2998610,172217,657960,57,52,12.28,357,7,117650,0.22,1
15,3371856,259602,1295341,96,56,15.12,243,1,1013285,0.38,0
14,1280132,259434,278833,75,78,33.27,129,1,886346,0.22,0
20,1925812,375314,867891,89,83,34.92,373,7,434256,0.45,1
11,3485749,347819,38469,91,56,25.57,103,1,399016,0.01,0
3,4970554,190926,1303481,100,66,22.17,574,7,1651231,0.26,0
17,1862918,77664,846444,84,62,26.25,85,4,1524228,0.45,0
12,717200,96153,1108597,95,70,28.15,407,8,1667652,1.55,1
15,4577987,103616,181854,90,80,27.17,910,8,1085359,0.04,0
16,4039973,307429,468735,90,58,7.46,640,7,196003,0.12,0
5,1563864,266349,1280555,70,94,14.31,633,8,1754815,0.82,1
20,4926429,56996,1389723,87,96,15.3,154,6,1526259,0.28,0
6,1429003,319091,524493,57,62,16.08,105,7,1927420,0.37,1
19,2160220,323174,879377,92,66,15.33,103,5,717599,0.41,0
5,3200264,314587,1061018,81,57,28.61,973,8,1465740,0.33,1
3,972291,138344,923195,57,58,27.43,246,1,1355440,0.95,1
1,3714674,239685,38909,93,58,5.14,279,2,1320136,0.01,0
6,1233879,337608,281648,59,89,13.89,911,1,1750136,0.23,0
15,2348164,138019,1144274,72,97,23.71,39,5,1241036,0.49,0
2,3273961,145024,956302,53,79,8.61,54,2,331183,0.29,0
3,418168,193273,704690,97,56,7.14,884,0,144819,1.69,1
17,348178,130454,87087,87,66,29.85,774,3,556457,0.25,0
12,258123,134444,1258567,79,88,18.58,462,4,1728211,4.88,1
18,2408977,384319,737392,90,87,30.67,960,3,1531739,0.31,0
15,1417309,314604,1090292,72,54,29.71,289,5,826959,0.77,1
12,3067543,163868,1254272,54,66,31.8,754,2,864054,0.41,0
16,3570698,172818,178054,70,89,6.45,425,9,1734080,0.05,1
8,2522018,10015,1207092,55,50,10.58,527,5,1086602,0.48,1
14,915003,321901,34571,98,65,13.88,323,9,1475948,0.04,1
17,2475598,167029,223023,66,66,9.09,689,0,1349688,0.09,0
8,4691260,91541,932893,74,79,19.56,304,5,1385937,0.2,0
15,1036002,31292,739578,73,80,28.97,567,7,863748,0.71,1
14,1561621,394838,569326,71,84,33.54,829,9,1377539,0.36,1
18,1370642,172948,831600,62,94,31.69,48,7,505847,0.61,1
20,590508,201799,733442,66,57,18.72,410,0,837221,1.24,1
7,1969107,57046,1116266,63,97,24.09,435,6,1564910,0.57,1
3,236160,24817,991806,83,79,11.92,928,9,802134,4.2,1
12,219156,19759,900485,75,88,17.09,786,9,946945,4.11,1
3,2770348,189504,869733,68,70,31.14,928,3,1508067,0.31,0
20,2762688,278556,136974,75,64,5.88,969,5,680429,0.05,0
14,4854126,292648,27050,52,83,20.98,161,5,1921571,0.01,0
15,4351674,380644,361949,51,76,31.18,665,4,1422012,0.08,0
14,2014630,280651,1254234,77,51,8.66,675,9,685553,0.62,1
7,1081809,31050,855542,51,59,34.48,828,8,1980697,0.79,1
17,4699311,110153,1125269,71,54,5.37,967,9,1308531,0.24,1
12,937197,285731,302388,56,76,31.58,899,7,1038671,0.32,1
20,4008282,241329,1325682,53,53,15.61,360,5,1357064,0.33,1
4,845649,67732,231898,98,96,8.98,264,3,1121407,0.27,0
9,412986,61921,362839,87,62,9.72,785,3,1148647,0.88,1
6,3543014,127734,772723,88,66,26.04,895,8,1967242,0.22,1
16,3838236,147912,247943,69,70,31.12,931,3,1126157,0.06,0
2,229777,41440,1138964,55,72,24.23,24,6,1403664,4.96,1
8,3602155,45183,77332,58,82,32.86,939,5,760876,0.02,0
11,4027271,368316,708854,80,99,30.27,958,1,1357703,0.18,0
13,4814965,143461,913818,75,64,5.27,468,4,145037,0.19,0
17,398110,124515,1355757,85,63,25.08,285,2,894666,3.41,1
8,4279430,395327,1161242,75,58,14.14,510,8,1284008,0.27,1
18,614627,338443,651336,77,93,18.64,258,9,462279,1.06,1
18,3003089,230533,786360,54,86,7.82,269,0,1492685,0.26,0
14,2575163,125503,345184,100,79,13.46,974,9,1500814,0.13,0
15,3932517,49023,685401,59,78,23.98,310,3,1450880,0.17,0
6,3491066,191101,797147,67,72,11.55,562,3,1400407,0.23,0
11,4953954,312085,1463595,64,83,24.43,651,8,183595,0.3,1
13,1417933,393821,462122,82,56,32.69,98,0,1516292,0.33,0
1,1899547,228031,1443700,54,58,5.15,926,1,1946552,0.76,1
6,3077597,86054,904640,86,99,28.57,540,0,630669,0.29,0
9,4600131,337507,168147,89,53,24.24,469,0,1302776,0.04,0
8,3309823,71742,1244235,71,51,6.4,575,0,338837,0.38,0
11,542424,55215,315792,71,76,28.71,903,2,325167,0.58,0
19,1661659,320001,545422,71,82,11.74,753,3,1024338,0.33,0
9,3140107,327620,770545,64,81,12.97,163,9,849435,0.25,1
17,2250241,169245,842575,66,93,7.81,139,1,1331823,0.37,0
12,3221034,331912,1117699,100,94,21.03,963,0,1364358,0.35,0
14,1356245,251443,488775,94,95,19.95,584,4,1471234,0.36,0
15,358998,113591,176225,77,86,15.42,596,5,129398,0.49,0
16,1876079,259045,1035992,71,76,10.06,195,1,1040231,0.55,0
20,822995,56229,1270222,70,77,30.14,89,2,1510036,1.54,1
1,3962853,383850,1202203,91,52,31.29,833,9,1147807,0.3,0
10,4250230,72583,1452744,66,85,21.22,652,2,1884244,0.34,0
8,2203011,265931,724353,54,98,12.33,908,1,710797,0.33,0
18,1476120,169996,467216,67,100,7.88,222,3,283731,0.32,0
1,4661918,136011,1115262,66,92,31.06,820,4,1382754,0.24,1
2,3573195,302248,899273,53,57,7.88,199,7,886299,0.25,1
1,2008516,250660,556552,56,93,5.4,612,5,1134263,0.28,1
1,1156011,309738,1285406,74,99,19.08,586,8,1680394,1.11,1
9,3857905,275808,440769,86,99,26.94,710,2,1486453,0.11,0
13,4225129,282672,185431,89,90,18.73,629,9,524725,0.04,1
1,3961509,169262,896317,89,86,6.54,129,8,260481,0.23,0
13,992955,207105,1189456,92,98,25.7,443,3,351107,1.2,0
20,1466571,214249,1100906,58,94,24.27,684,7,1494815,0.75,1
7,1961126,138404,638960,68,87,25.45,978,9,1456318,0.33,1
2,4310993,211664,300489,100,71,11.34,522,6,1731994,0.07,0
6,493313,305043,1106331,58,63,28.87,425,6,275161,2.24,1
7,4548366,343123,854639,72,64,19.38,656,8,937956,0.19,1
14,1802525,27241,174811,80,95,21.09,110,9,811314,0.1,0
18,1917355,318355,178810,81,53,21.37,313,1,334601,0.09,0
15,4146617,73472,891123,80,67,13.6,412,4,1109076,0.21,0
2,3683974,215320,629425,66,50,12.5,56,2,1974004,0.17,0
10,3442792,41346,1264192,97,61,5.14,536,6,776865,0.37,1
12,1647922,91196,885250,88,90,16.9,869,2,1834068,0.54,0
17,333114,376595,360654,71,91,19.55,681,4,1392738,1.08,1
8,3153718,218196,960905,84,99,27.28,897,4,1574350,0.3,0
11,4885942,375052,670740,79,66,7.0,927,1,1992210,0.14,0
3,2087717,159014,280356,100,68,32.72,335,0,910548,0.13,0
6,884076,321311,1338894,89,85,12.92,191,5,1518680,1.51,1
9,4168178,308517,1448653,86,97,16.0,425,0,1915773,0.35,0
6,339133,339287,628937,75,56,6.45,281,8,963201,1.85,1
9,4009697,130623,575607,55,58,24.59,503,9,449208,0.14,1
7,4739469,382157,417579,83,57,26.27,46,4,633538,0.09,0
9,1662597,12016,1136422,81,74,32.86,514,0,1646908,0.68,0
18,470001,341254,170372,74,56,15.1,74,7,1436267,0.36,1
12,4817631,17274,54808,100,91,12.72,930,0,421878,0.01,0
8,3597570,25748,923447,62,57,26.78,851,3,1670157,0.26,1
8,1599298,21826,1259753,87,73,26.2,268,6,1615152,0.79,1
18,4347413,355152,566904,87,66,33.11,292,3,1285103,0.13,0
20,982409,139288,759103,51,61,11.16,278,4,1590352,0.77,1
15,1917826,211081,156359,54,95,26.16,797,6,911906,0.08,0
7,2641724,261054,689331,60,80,7.01,210,3,1715637,0.26,0
11,913391,377767,56152,60,61,19.41,594,4,1805438,0.06,0
20,4899654,182507,42351,73,51,8.58,876,6,524333,0.01,0
16,537164,216089,227977,63,61,24.59,465,0,107042,0.42,0
4,3374209,233023,1433097,94,76,23.04,872,2,1441221,0.42,0
6,2963779,355250,60616,79,95,6.46,521,0,452598,0.02,0
3,3058214,202949,1203545,89,56,14.59,635,2,1562036,0.39,0
9,2434967,326782,1333730,96,62,16.85,412,1,648530,0.55,0
10,2220880,79072,1199762,93,85,12.44,427,4,209847,0.54,0
14,3001285,77309,1294885,84,50,6.16,819,9,549887,0.43,1
11,2616338,170966,283269,70,98,14.56,790,4,1626572,0.11,0
18,4443780,396868,487310,54,84,28.78,692,9,344932,0.11,1
12,4093193,195639,443612,87,79,15.8,702,8,330624,0.11,0
12,3017754,399987,1224494,51,80,14.7,128,7,156235,0.41,1
13,2981460,45326,413612,89,66,33.25,671,2,1703630,0.14,0
13,1455959,196131,354805,86,57,6.25,624,0,289624,0.24,0
19,4463397,277223,781444,98,52,28.02,122,4,1808946,0.18,0
19,2313687,393556,516941,83,59,19.49,245,2,515362,0.22,0
14,1819426,97340,612404,60,83,33.33,372,4,874438,0.34,0
4,4650627,357355,119233,85,71,16.8,179,8,1838843,0.03,1
13,2556068,314893,1465366,60,53,26.24,423,0,1404138,0.57,0
8,2338421,177364,13869,58,81,7.1,726,0,585307,0.01,0
19,1120631,128192,459410,55,78,32.86,343,8,211873,0.41,1
12,485291,346678,586455,83,95,15.34,164,2,733581,1.21,1
18,2735896,261749,1292334,96,60,20.72,773,9,1861836,0.47,1
6,1849959,351377,667482,86,95,9.15,484,4,155270,0.36,0
18,4070019,61818,1223475,81,62,33.37,934,8,194516,0.3,1
19,2388077,384054,251536,61,53,25.19,151,4,376104,0.11,0
5,4984973,23429,545965,94,51,6.62,112,2,1340678,0.11,0
9,3969484,67748,421439,81,83,9.66,292,8,199456,0.11,0
3,1490906,58807,423030,66,92,17.0,723,6,791872,0.28,1
10,1635367,279284,125662,53,71,11.5,553,6,513221,0.08,0
19,1740450,335370,476827,91,54,14.14,213,7,557272,0.27,1
3,3921040,248161,436401,82,58,34.92,189,4,1948480,0.11,0
15,1889576,360959,601082,92,69,24.76,479,1,1343311,0.32,0
1,3446849,300669,1013567,97,70,32.67,960,8,744866,0.29,1
7,465976,292635,1124251,92,66,18.07,30,2,750527,2.41,1
12,1805196,209888,40503,58,61,26.31,200,1,1469036,0.02,0
17,4406771,176052,580484,83,77,18.79,251,9,1266992,0.13,1
20,1245851,236597,607612,88,67,14.85,975,9,571977,0.49,1
5,277994,18078,418277,100,52,20.58,48,4,635891,1.5,1
4,4488506,101654,347694,79,54,17.82,551,7,742042,0.08,1
12,2864921,139101,866763,99,63,34.42,24,2,535467,0.3,0
20,3741525,26997,1212280,69,97,19.88,940,5,332236,0.32,0
18,1634730,141940,150424,88,75,29.33,565,8,1148739,0.09,0
17,4839158,222650,1334373,72,68,25.0,159,1,357871,0.28,0
19,3993730,369500,198187,90,90,19.39,47,7,1772882,0.05,0
9,4271650,385855,883726,93,66,19.22,117,9,168998,0.21,0
4,4554489,293390,568043,84,88,15.26,281,6,1657920,0.12,0
2,2158615,161633,334132,72,91,8.21,777,2,1421007,0.15,0
4,1178534,44512,824353,97,53,27.84,38,0,1596257,0.7,0
2,4668262,235226,452219,88,91,32.54,31,5,813504,0.1,0
15,2569320,218467,833100,72,84,11.54,556,1,1339757,0.32,0
2,4064376,330009,1365895,86,73,32.77,544,2,1154803,0.34,0
4,1095668,375537,1364172,72,90,11.97,484,4,1757444,1.25,1
6,2879276,82144,199395,88,62,20.9,607,7,150842,0.07,0
7,1518155,183557,308293,77,82,15.31,278,1,1835726,0.2,0
10,1184588,127363,1293541,68,64,8.44,43,5,1705865,1.09,1
19,4649399,322809,802271,98,64,6.59,27,0,1052148,0.17,0
19,4202761,211484,520724,97,80,15.96,899,6,272993,0.12,0
12,681632,191675,1448811,79,92,6.42,247,3,410095,2.13,1
3,1509752,162110,650329,70,77,8.13,395,0,1113906,0.43,0
13,4231103,103542,1336910,73,59,9.27,142,8,1744739,0.32,1
18,729954,373455,499127,70,56,5.06,109,8,735785,0.68,1
8,4250807,286469,1321648,75,82,9.6,832,2,1628821,0.31,0
15,3213337,176964,310569,100,56,22.32,475,5,1460917,0.1,0
1,1611910,159068,634163,99,54,29.59,243,6,1842795,0.39,0
3,1611188,340955,217189,100,75,10.8,755,3,787297,0.13,0
8,4261367,215355,648552,85,65,7.43,276,5,366625,0.15,0
4,226505,126737,1228622,75,57,26.89,534,8,1883784,5.42,1
16,3906729,272968,372335,82,71,5.24,852,9,137227,0.1,1
10,1850375,250417,1228391,85,83,27.02,802,5,1910273,0.66,1
12,2075530,127718,472671,53,89,8.93,837,6,597937,0.23,1
14,412204,338761,1047697,58,77,11.85,167,5,1690655,2.54,1
14,728168,283661,201107,57,95,8.6,406,6,1541999,0.28,1
2,1173215,162755,955181,51,85,12.42,720,0,268210,0.81,1
5,767827,375212,580609,78,96,28.95,930,5,1499790,0.76,1
5,2537208,217791,1424502,72,56,8.98,718,8,241016,0.56,1
6,1467633,259120,109398,55,89,34.82,457,2,1484943,0.07,0
13,3884815,264322,1369693,92,92,14.81,719,5,1296933,0.35,0
9,4902104,387160,418818,85,77,32.66,655,3,853178,0.09,0
15,2226182,219485,1297325,95,51,10.7,56,6,651070,0.58,1
14,4838246,282126,1340412,70,58,10.64,680,6,1630795,0.28,1
7,248784,155711,368102,71,55,21.96,125,8,183669,1.48,1
20,2410186,80210,1359470,58,50,6.52,634,3,1599595,0.56,1
2,2731196,79852,1034416,83,52,29.03,938,7,628777,0.38,1
7,3400090,385762,1463552,75,59,18.19,908,7,1288756,0.43,1
6,253997,265139,1379176,50,86,25.98,251,7,688718,5.43,1
17,2290053,19695,285069,85,93,10.24,886,7,958550,0.12,0
2,4575717,58582,792047,93,72,24.27,165,5,705562,0.17,0
3,1000981,303238,514004,54,82,22.82,36,7,239102,0.51,1
5,3140504,201707,1421484,90,58,27.67,178,5,1996611,0.45,1
5,1662108,294331,533893,71,62,13.92,979,9,121118,0.32,1
1,4943216,390157,897525,53,77,32.99,835,1,1946601,0.18,0
8,770993,138721,1439508,97,100,33.84,301,2,429874,1.87,1
12,1450469,116683,19192,51,56,31.04,297,5,1886815,0.01,1
4,4277348,273358,920835,65,75,22.16,144,6,522655,0.22,0
13,2373577,296084,1277040,65,65,17.61,704,3,732941,0.54,1
15,2793449,54406,1360669,71,89,6.74,439,0,600105,0.49,0
11,1788858,157049,1116958,92,75,33.42,339,3,406736,0.62,0
10,1218543,330558,623521,50,100,33.55,694,5,1325909,0.51,0
3,4506219,373584,1479378,64,88,5.56,734,7,1719516,0.33,1
14,585105,245994,1100819,73,81,15.71,501,3,497754,1.88,1
16,3625077,375713,1411286,53,85,31.4,869,9,513658,0.39,1
10,4713125,197313,1369338,67,91,7.43,686,0,1022346,0.29,0
10,4427234,214573,138621,66,50,10.9,343,4,1261969,0.03,0
12,1321889,216205,904600,56,98,34.36,932,6,1920801,0.68,1
9,949211,70481,52494,99,70,30.42,985,5,191978,0.06,0
1,3458881,248084,286102,94,62,32.36,414,2,1854887,0.08,0
5,3831453,299884,220851,59,100,9.26,792,6,1057842,0.06,0
20,4150476,335472,1156536,50,75,11.34,205,3,1190040,0.28,1
8,2193384,284025,1151054,51,94,23.16,908,4,892205,0.52,1
11,2385028,309140,522419,98,58,20.05,485,6,589493,0.22,0
12,737691,173249,1039339,71,86,13.96,76,1,213680,1.41,1
1,3687924,132196,430754,81,72,31.52,748,3,1075722,0.12,0
20,972838,47177,5833,78,50,32.04,477,3,135646,0.01,0
11,461420,76126,1040397,84,51,13.75,227,5,338201,2.25,1
5,677843,328675,1465178,66,92,9.67,733,6,1062841,2.16,1
15,4729943,36119,1296629,61,77,9.47,93,3,1164162,0.27,1
5,2460156,127744,1017853,73,85,19.53,503,9,1768515,0.41,1
12,4752538,126894,1147917,79,80,8.99,104,0,1396756,0.24,0
5,4790905,168987,618528,93,90,19.2,651,0,1395660,0.13,0
17,2025260,54989,894387,79,54,18.86,33,4,1624720,0.44,1
17,2265306,294250,1466624,69,86,31.52,859,0,1847229,0.65,0
12,4975833,289275,1257505,91,74,13.89,660,2,1403667,0.25,0
15,4047593,318697,170002,56,57,21.82,931,8,930612,0.04,1
15,4387694,16553,163479,91,83,27.3,813,2,477235,0.04,0
6,1412980,27881,790505,99,88,22.88,68,2,1537353,0.56,0
12,3299834,11379,409251,87,98,33.62,445,8,1105657,0.12,0
20,1455973,362935,1055308,56,81,23.07,985,4,1468759,0.72,1
18,3764507,377808,1365817,98,60,32.06,378,7,1010219,0.36,1
14,4499489,79306,1052063,79,96,12.35,261,9,1193383,0.23,0
2,3382132,253825,1280136,61,74,21.82,853,8,1394050,0.38,1
9,4449486,114512,844134,98,52,21.3,72,5,1962748,0.19,0
5,3640863,288494,782031,80,94,34.68,796,6,106772,0.21,0
20,3238783,109599,357105,67,99,11.14,88,6,590473,0.11,0
1,3571189,91397,505410,95,81,9.23,571,6,1187934,0.14,0
3,2072508,351653,107721,92,84,23.35,715,3,1294295,0.05,0
6,3117369,27769,333175,51,81,11.71,664,1,618022,0.11,0
5,4966589,188321,1394937,82,83,24.17,75,1,1165080,0.28,0
5,344375,111584,1325501,60,86,34.17,898,6,1023964,3.85,1
1,4429491,318509,826297,83,54,33.4,475,9,1285929,0.19,1
17,857253,322329,307311,65,94,11.93,274,6,479697,0.36,1
19,3383818,143858,780226,84,77,10.13,24,9,136499,0.23,1
14,3279578,241609,1261386,82,77,21.82,600,6,1409979,0.38,0
12,1718560,136525,1256169,70,57,22.6,71,7,1719597,0.73,1
10,2094420,46303,301743,69,76,24.87,996,2,783851,0.14,0
20,741797,29589,409991,57,65,27.24,348,4,1627303,0.55,1
18,4462957,275026,1377224,100,67,23.03,117,5,668824,0.31,0
11,892289,190394,469134,75,74,8.35,180,7,1327520,0.53,1
2,3737498,139236,70687,82,97,28.7,425,7,544782,0.02,0
18,1996218,281889,420020,75,50,7.39,802,9,1042920,0.21,1
7,3884032,25861,687619,86,57,5.6,596,2,1548427,0.18,0
15,2584318,101707,781085,79,70,28.09,346,3,905621,0.3,1
11,752226,326405,85227,80,83,21.45,938,5,1080433,0.11,0
18,460710,265043,97556,82,73,25.96,262,3,242570,0.21,0
12,1480896,143909,567848,60,86,16.48,523,9,160777,0.38,1
6,2240403,346279,289400,90,75,5.33,386,3,1630377,0.13,0
20,4003074,64380,1053414,54,96,14.93,793,4,465809,0.26,0
13,4346226,358233,114479,51,63,23.24,743,9,805977,0.03,1
20,1138193,115025,1106005,62,78,11.77,461,6,1994208,0.97,1
16,1605419,190903,920638,67,79,25.63,173,1,372571,0.57,0
18,4062012,230421,567487,75,52,28.83,253,1,149555,0.14,0
10,1743103,254497,601380,74,56,18.63,671,9,1768921,0.35,1
8,3707145,170592,387069,93,85,31.27,352,8,368714,0.1,0
18,1978244,54397,689182,63,60,30.64,514,3,1959996,0.35,0
1,4102216,349229,748873,54,81,31.34,134,4,1207457,0.18,0
8,4982337,336009,718954,91,61,24.83,388,2,1333049,0.14,0
6,3341537,328100,264813,51,64,14.14,352,1,1580906,0.08,0
5,1380859,372871,180499,53,87,19.44,149,9,632696,0.13,1
15,4787749,287132,474833,61,73,26.32,947,7,352385,0.1,0
15,3726844,168795,398933,60,50,11.32,197,3,705498,0.11,0
2,2180425,43800,719935,53,67,27.17,114,0,869640,0.33,0
1,4950411,168502,604025,92,95,21.44,336,5,748192,0.12,0
11,1661742,209548,1072982,58,56,7.88,926,5,1888669,0.65,1
10,3141616,267653,227894,59,91,21.72,120,1,1851542,0.07,0
18,2674370,359473,1061449,76,90,7.0,215,1,539070,0.4,0
18,2278937,62284,125812,55,51,5.43,821,7,264645,0.06,1
17,3941372,66232,868480,64,89,31.69,227,6,1135541,0.22,0
8,727340,54420,547749,91,80,19.7,626,1,1663841,0.75,0
15,1555097,309854,413926,80,82,21.3,492,9,1669710,0.27,1
8,2255397,102035,1002992,71,79,13.4,634,0,782745,0.44,0
17,1447486,303427,13448,55,80,21.28,27,7,519063,0.01,0
12,2627115,207241,597446,82,83,10.07,155,9,354385,0.23,1
8,2148697,203529,499600,78,56,27.37,629,1,229443,0.23,0
14,1279037,259863,968303,70,74,29.7,930,4,500636,0.76,1
4,4152910,35968,1273651,79,65,30.68,280,5,1140812,0.31,1
1,4351951,72508,1214609,70,71,8.2,166,9,404291,0.28,1
1,3355200,245863,698367,85,85,21.73,477,0,1948814,0.21,0
19,1055695,204292,65470,71,76,29.26,924,1,628545,0.06,0
16,312036,385579,183328,95,66,8.85,716,9,1896602,0.59,1
14,4582978,95366,1368906,69,53,7.99,457,3,1167272,0.3,1
16,2584819,15738,26547,71,84,29.51,432,1,659051,0.01,0
5,4031854,13098,1143048,89,90,28.9,519,5,323341,0.28,0
9,1089694,105424,1155463,60,71,18.46,251,3,1523187,1.06,1
2,790348,214705,706791,96,96,8.29,120,2,694819,0.89,0
18,2960911,88672,942980,80,84,20.48,166,5,1035630,0.32,0
6,1571446,310388,733771,100,93,16.84,736,8,1108958,0.47,0
9,3624404,149325,797118,89,64,20.56,526,7,133923,0.22,1
1,1109121,326477,148608,62,89,18.2,577,1,1397540,0.13,0
9,3821301,135349,1344782,67,93,22.06,123,2,1583145,0.35,0
16,2340314,60969,1342373,71,70,26.81,355,1,581899,0.57,0
13,4266981,100744,141439,66,62,28.25,465,9,1917259,0.03,1
9,4667801,211495,1068205,87,96,24.47,753,6,1360071,0.23,0
13,2409465,127286,645044,74,60,10.97,463,8,451011,0.27,0
9,2325629,85028,1006140,81,98,16.91,137,0,369346,0.43,0
11,2383525,307565,465406,64,76,7.14,536,2,1520858,0.2,0
4,4274669,48575,287207,62,80,18.55,948,5,294240,0.07,0
2,893464,13192,1330042,75,93,34.11,742,3,465265,1.49,1
6,918730,121116,739906,99,81,24.25,586,9,1342483,0.81,1
14,1777415,91311,508853,60,79,9.64,550,9,1625752,0.29,1
4,4462663,90781,799125,62,67,13.06,932,0,347838,0.18,0
6,3793824,46527,1188889,82,65,6.94,107,8,359245,0.31,1
19,4868223,62181,422994,99,84,10.47,778,6,1380816,0.09,0
6,1558356,101472,1413099,86,58,19.64,648,6,619557,0.91,1
2,1715719,91219,681326,87,88,15.35,495,0,597769,0.4,0
18,4341426,129783,795707,50,100,11.12,701,8,353202,0.18,1
13,1016117,171554,1094182,88,86,9.4,504,7,727807,1.08,1
9,1037566,189300,1658,76,100,24.68,681,9,1590601,0.0,1
19,1356543,93265,225571,85,59,21.74,314,4,596632,0.17,0
13,294455,60126,1121044,81,61,30.28,739,3,375485,3.81,1
11,1709639,292689,1456040,90,57,10.5,400,0,1794489,0.85,0
1,1423981,65114,1466229,64,52,30.44,302,8,951842,1.03,1
7,2536798,365884,695087,80,68,22.34,863,7,1955648,0.27,1
15,4584241,216422,1197849,55,60,12.99,705,1,1829841,0.26,0
1,2769464,198873,565438,74,57,13.21,658,3,1410622,0.2,0
12,2358344,286034,770508,98,75,16.71,175,3,1813774,0.33,0
7,1035165,131284,1300351,67,94,18.8,199,6,910707,1.26,1
15,3580889,324626,268520,71,72,7.48,980,2,1285987,0.07,0
19,1934428,204469,1362393,80,59,30.26,954,7,1208575,0.7,1
1,4022069,152290,789908,85,67,8.65,909,6,462833,0.2,0
17,4680591,343735,1297041,58,61,19.5,933,9,1030953,0.28,1
17,2243683,98241,856334,95,88,16.49,106,3,1749429,0.38,0
3,3344787,306866,507726,52,75,20.37,425,8,278622,0.15,1
12,3012789,321575,877701,82,60,31.62,855,5,252885,0.29,0
6,3452772,192615,980382,76,59,34.67,515,2,833520,0.28,0
11,1753749,314144,622619,92,52,5.61,286,6,1921929,0.36,1
3,2478214,344119,1462407,50,56,16.8,613,5,909091,0.59,1
8,656104,40921,535452,93,53,29.53,83,7,581528,0.82,1
14,2366503,371409,825748,58,89,14.8,138,4,767428,0.35,0
14,434085,360891,1209207,54,57,24.47,986,5,332902,2.79,1
10,958171,171686,325112,64,87,34.77,360,0,833246,0.34,0
2,698095,202261,1246448,99,62,24.4,332,7,1588263,1.79,1
14,2367461,27601,438201,58,61,8.34,182,0,257952,0.19,0
9,1367732,103332,1251771,94,84,30.29,524,2,1436567,0.92,0
3,2635296,395398,558382,77,87,34.0,312,1,265127,0.21,0
8,1690424,212615,317473,62,100,26.38,709,5,114802,0.19,1
16,221576,391148,1032553,73,92,17.57,396,7,1939952,4.66,1
2,3873336,245572,1393858,94,85,33.45,561,7,1673224,0.36,0
6,2963262,300144,66141,59,96,34.06,420,6,949907,0.02,1
12,2924442,140439,153415,91,51,33.05,692,6,446038,0.05,0
5,3530263,249691,652595,71,64,17.35,419,7,225807,0.18,1
2,3865842,129277,977042,88,98,28.69,418,4,1020968,0.25,0
16,2937968,302527,1473881,71,83,24.63,928,2,249682,0.5,1
5,2991338,152857,446811,86,88,10.39,506,1,392751,0.15,0
15,2386203,50910,1393917,88,75,21.07,534,2,1022548,0.58,0
12,3111451,180100,868750,69,97,27.43,43,2,318617,0.28,0
4,3537031,165927,161101,59,54,31.88,938,6,1641946,0.05,1
15,2500457,296425,603311,59,97,30.88,78,0,1842636,0.24,0
11,3652550,385982,1493116,75,74,9.64,768,6,815250,0.41,1
16,4145123,14841,838394,74,100,19.64,259,5,849146,0.2,0
6,2754728,107204,1423757,77,83,19.35,330,9,1234401,0.52,1
14,4968026,70155,694402,62,96,31.96,340,1,431455,0.14,0
18,2363769,328457,469596,64,53,5.06,691,9,1980355,0.2,1
12,4283501,269589,1133435,55,83,27.16,500,0,620779,0.26,0
11,1980248,271140,615221,61,76,23.56,591,8,1280465,0.31,1
13,2808026,383832,1094533,68,91,32.65,771,1,495362,0.39,0
11,4995817,158515,830171,81,78,18.71,433,3,1107198,0.17,0
16,2380019,142994,300877,60,54,24.73,341,8,714580,0.13,1
15,979957,304120,569677,87,67,34.18,421,8,778840,0.58,1
15,2113980,153063,160787,82,53,27.32,78,0,394290,0.08,0
4,1707394,114405,843354,51,50,7.02,72,1,1910073,0.49,0
11,3179845,63744,1498043,64,99,10.03,83,1,1574403,0.47,0
19,2912188,12473,979298,85,69,29.64,652,1,1105379,0.34,0
15,454265,149180,17580,54,55,15.04,138,7,1697098,0.04,1
4,4913797,38715,378044,64,69,26.18,305,7,1671068,0.08,1
13,1110913,254826,394039,92,69,25.99,37,9,1908254,0.35,0
19,2257017,263856,1307649,59,95,34.81,24,7,1808894,0.58,1
2,853817,249419,223080,66,76,19.1,856,3,1990425,0.26,0
14,1196433,262508,793516,83,75,27.13,411,7,157036,0.66,1
4,2235286,309461,1388711,73,81,6.46,924,6,1781652,0.62,1
16,2781505,337660,1452399,59,59,18.88,179,7,1731870,0.52,1
20,4308949,174434,606743,79,67,10.6,907,0,746634,0.14,0
14,4874071,64604,1423260,52,90,30.22,161,2,682502,0.29,0
15,4403887,14889,1002434,100,61,30.2,416,9,127450,0.23,1
3,4968979,230629,376684,86,59,12.09,37,5,1606349,0.08,0
8,1697850,345892,993859,52,73,14.55,599,0,176227,0.59,0
16,4236480,304115,667329,89,73,26.07,133,3,1359815,0.16,0
10,1146803,60551,803765,54,100,27.15,553,8,687499,0.7,1
4,3686444,144273,470452,77,87,24.73,551,6,906028,0.13,0
18,4210088,247230,1437902,93,95,34.9,930,0,1207576,0.34,0
2,2295598,246139,754207,63,74,31.06,794,5,1871368,0.33,0
17,668298,118957,560956,88,57,17.51,480,5,492712,0.84,1
13,4203031,99882,798377,60,63,14.81,629,1,1968865,0.19,0
4,4530453,310102,626816,57,92,22.91,636,5,878722,0.14,0
11,770303,220323,46526,86,80,29.53,305,9,1279956,0.06,0
7,1188651,277825,572005,57,73,19.26,24,1,1653867,0.48,0
12,3517657,111982,1263814,61,65,27.13,148,7,780528,0.36,1
10,3536640,56870,509740,64,69,5.57,975,6,259491,0.14,1
7,4388695,223328,1286220,68,87,32.78,690,5,1919642,0.29,0
13,2860891,339347,1401200,97,96,28.22,782,9,591389,0.49,1
7,4816167,169224,733709,95,64,16.83,518,5,1742893,0.15,0
17,759119,60061,1032540,77,63,16.52,295,8,112756,1.36,1
10,2163957,198691,1184249,56,61,8.09,102,8,1571080,0.55,1
10,2542094,68235,1168960,89,83,29.48,851,9,1277991,0.46,1
4,2392271,310034,1066415,56,57,28.06,137,9,1029888,0.45,1
20,3045376,100073,837769,79,68,23.91,979,1,1659741,0.28,0
4,4156558,333545,433420,67,95,8.04,48,2,1057356,0.1,0
7,3931570,21217,20195,73,54,12.87,377,9,1819131,0.01,1
1,3232362,320495,1469640,55,76,18.77,669,6,1234786,0.45,1
12,1401988,305885,613517,100,90,12.98,176,9,221789,0.44,1
13,1790346,202386,112265,53,62,18.02,50,8,1969133,0.06,1
10,4634921,273552,1309351,52,81,11.78,862,5,624370,0.28,1
15,3454449,52903,1220502,98,80,15.49,305,0,1222554,0.35,0
13,805398,225280,1361718,100,90,24.57,684,6,830181,1.69,1
9,4507910,117042,198462,96,95,31.77,355,0,203715,0.04,0
9,1787514,253725,1342278,55,86,16.55,589,4,937971,0.75,1
15,3522918,142290,43585,75,51,25.76,332,8,1589595,0.01,1
10,460102,191644,1264462,93,56,9.04,618,9,1207401,2.75,1
10,347631,394333,302408,100,97,21.22,142,9,443180,0.87,1
8,1543054,119268,426542,87,60,32.65,722,8,422699,0.28,1
16,2533697,40105,1457459,60,60,5.84,884,0,489219,0.58,1
17,3359016,79634,542353,78,72,13.03,390,5,1578288,0.16,0
5,1926334,389570,376526,69,80,8.97,824,2,367438,0.2,0
4,3553030,148691,873623,59,93,20.99,333,8,1193428,0.25,1
18,2047199,28226,927510,75,94,25.39,47,2,1665404,0.45,0
19,3407443,35322,333963,97,57,6.73,174,1,165858,0.1,0
4,1838004,389648,1417878,76,81,7.11,985,7,377980,0.77,1
7,1929187,330359,438292,99,97,31.09,249,2,593577,0.23,0
10,3527775,177284,1248509,63,70,18.69,568,4,791188,0.35,0
18,4661595,104835,751679,85,80,18.89,25,5,754381,0.16,0
19,3660096,265027,1492185,61,50,33.34,492,9,542194,0.41,1
4,1530363,83079,789575,72,62,14.61,992,9,1234196,0.52,1
10,3646839,33946,756701,70,60,31.91,337,0,955352,0.21,0
1,3313506,172812,1368225,57,78,34.23,244,6,1289101,0.41,0
18,4497839,382877,1454209,88,53,12.25,52,6,1042885,0.32,1
5,1761014,17253,162372,58,85,20.42,108,4,621099,0.09,0
15,4977551,89311,1339616,73,64,21.03,353,8,557758,0.27,1
17,4789369,304957,758339,80,52,30.99,59,1,1600669,0.16,0
3,3019648,320509,1361349,74,100,14.12,700,4,1257113,0.45,0
12,3457983,77593,1469398,66,78,28.94,394,1,284449,0.42,0
2,3854250,159485,61330,91,70,34.13,317,1,882064,0.02,0
1,951972,236833,793983,78,51,30.21,412,8,1119264,0.83,1
17,459427,48485,363116,52,55,32.27,37,6,1414384,0.79,1
16,3777507,209304,1430343,70,80,26.25,546,3,529080,0.38,1
5,3831171,383648,375360,57,73,32.12,151,7,1893284,0.1,1
15,2439155,288245,854214,63,89,9.95,309,3,1483821,0.35,0
3,3943185,18831,327535,88,66,26.37,849,0,1743059,0.08,0
7,2557681,324041,1415677,65,54,26.96,825,9,781289,0.55,1
11,3055825,15004,587699,67,51,18.18,228,2,214836,0.19,0
10,914261,318068,764797,80,61,7.39,346,9,1113144,0.84,1
9,3970433,47170,1121761,60,54,23.67,522,0,1285378,0.28,0
14,4626111,53555,499961,87,91,6.56,298,1,1900770,0.11,0
13,224363,128115,500735,69,90,16.47,401,1,1761947,2.23,1
2,594798,376360,127574,95,69,16.81,807,6,1131889,0.21,1
3,2245990,338074,1078000,94,57,34.97,971,3,1306007,0.48,0
7,1585049,188475,1090135,53,50,13.99,328,9,417558,0.69,1
18,2298772,308509,510926,69,55,29.61,917,8,220241,0.22,1
3,1698447,334332,248290,80,60,6.6,296,1,176003,0.15,0
10,3441147,217132,1321795,69,52,20.89,95,8,575750,0.38,1
7,1745288,370777,415915,60,80,21.1,317,5,1910671,0.24,0
9,4302622,73471,272094,99,77,23.86,844,9,1133104,0.06,0
17,1795123,67287,1087881,50,96,29.3,397,7,1672071,0.61,1
11,4414959,331220,522037,93,92,27.86,452,6,1643109,0.12,0
7,2199085,126475,1314289,67,54,27.83,878,7,1350593,0.6,1
14,1149133,60151,66778,88,75,17.97,131,8,1754942,0.06,0
19,650400,77384,1413353,93,65,26.82,797,7,1885456,2.17,1
4,4269305,372009,1407027,82,80,19.74,91,5,1702098,0.33,0
6,1591538,43541,878606,85,77,7.01,336,7,358523,0.55,1
10,4307560,82847,560451,67,56,31.71,40,7,624835,0.13,0
7,371236,228171,1098168,96,87,31.7,207,1,823796,2.96,1
13,3210129,221811,218223,80,58,14.69,140,1,675705,0.07,0
14,289743,323099,1236981,84,88,32.42,361,0,1550738,4.27,1
4,4842179,223739,1428151,88,84,27.74,672,9,575870,0.29,1
8,4312924,359924,532327,87,92,17.02,323,1,1463663,0.12,0
5,2155206,177813,139270,64,76,14.95,955,6,1114750,0.06,1
1,4288077,109919,165426,96,61,34.25,466,2,635308,0.04,0
4,1338422,384998,1314544,55,74,26.38,735,3,1808253,0.98,1
3,958795,226746,351679,57,92,16.36,740,3,1929151,0.37,0
9,1964688,204020,3436,89,78,24.26,515,3,1904164,0.0,0
8,3157817,71768,696217,71,80,22.15,540,1,1018027,0.22,0
1,2904489,53262,1064633,50,83,20.74,204,5,1880410,0.37,1
6,439647,30605,525598,62,82,24.34,966,0,1669448,1.2,0
9,4684266,88590,468571,73,76,21.13,900,4,1203652,0.1,0
7,4293776,300375,996497,70,51,24.64,907,1,1753059,0.23,0
4,4714153,89397,846454,94,63,32.23,827,8,239881,0.18,0
13,4938696,87123,664266,92,62,34.8,351,1,1819471,0.13,0
17,4780784,285659,542834,53,73,26.28,732,5,968266,0.11,0
2,3997920,359355,1147388,56,54,32.83,595,3,150012,0.29,1
5,3972515,288744,1046584,61,83,30.75,369,5,483016,0.26,0
12,3142609,168964,557437,62,72,13.85,857,1,411095,0.18,0
8,2000200,341454,1041564,93,68,32.99,339,1,441258,0.52,0
6,624632,178767,1424311,65,79,7.12,556,6,189821,2.28,1
8,1772732,145501,1247029,55,98,14.9,431,2,423976,0.7,0
18,2140593,145678,679044,63,92,24.2,925,2,1915664,0.32,0
3,1709837,124380,1340578,100,65,20.81,175,6,1919931,0.78,0
12,2940855,181206,1093906,97,99,21.27,752,7,310709,0.37,0
3,1691625,383924,1025718,80,89,28.85,823,6,843626,0.61,1
6,3540444,166547,714564,85,83,10.84,670,2,127476,0.2,0
2,3950222,338321,1402923,86,98,34.46,552,2,1724837,0.36,0
12,1580188,162802,1336013,90,60,18.12,521,6,153017,0.85,0
2,3327555,162185,876861,84,63,33.5,505,2,1950511,0.26,0
6,3260465,161083,135701,59,97,16.49,173,1,766866,0.04,0
17,3369451,65746,5704,66,96,23.05,933,6,1713858,0.0,0
3,3018767,395219,1181424,100,64,18.51,87,2,1557961,0.39,0
2,4066610,183925,1236903,91,84,25.28,511,4,773844,0.3,0
20,1662333,357339,572569,79,56,10.51,60,6,573590,0.34,1
8,770217,308962,641260,93,78,17.02,546,1,1993731,0.83,0
12,323199,178393,1162108,56,93,7.05,810,7,325429,3.6,1
4,2328825,293453,424452,67,71,22.94,188,1,542804,0.18,0
5,624190,300320,66780,68,72,33.88,665,3,1620065,0.11,0
13,3672696,78879,918837,64,73,6.38,730,3,1380524,0.25,0
15,2320677,77592,1248853,88,84,24.79,769,7,481194,0.54,0
16,2879244,356872,1000624,93,100,28.25,975,0,1488427,0.35,0
10,3422989,230084,444162,71,59,11.39,131,8,900352,0.13,1
16,2797979,207494,1293531,88,57,13.19,482,5,458485,0.46,0
12,2216307,280728,1366053,91,97,11.05,71,3,1001428,0.62,0
17,4161643,134555,682637,79,97,13.92,668,5,210856,0.16,0
16,2304417,365446,688874,69,61,8.3,274,5,1034379,0.3,0
12,1009195,394552,253130,81,78,16.11,646,8,1244390,0.25,1
8,4410037,28830,238408,91,78,16.07,177,3,1342128,0.05,0
20,1098628,226897,614181,74,72,29.22,319,7,465756,0.56,1
3,3961054,262234,1079420,72,75,29.03,977,0,313513,0.27,0
16,2596716,349210,376645,54,86,28.9,446,5,1866565,0.15,1
13,2755517,275735,432911,99,81,22.01,943,4,1359046,0.16,0
19,1269634,103878,42510,90,87,14.78,795,2,102925,0.03,0
8,2543453,135407,1480929,79,55,17.33,886,3,1010680,0.58,0
5,1545649,126869,1161680,97,57,14.53,326,7,430970,0.75,0
20,1201675,267716,1041788,88,66,22.46,118,9,405245,0.87,1
8,2257244,293539,1394288,76,61,33.14,140,1,250685,0.62,0
12,2907929,26738,1472677,91,71,13.53,621,7,1375754,0.51,1
1,4048444,143703,1113790,86,63,18.77,49,6,685761,0.28,1
20,2374749,158977,994048,56,83,24.65,249,0,1913280,0.42,0
6,3342536,29056,783577,54,68,30.34,670,1,163903,0.23,0
18,2041049,250746,1096686,64,55,12.6,273,6,1299609,0.54,1
8,4472513,393800,660531,100,67,13.41,423,2,1514633,0.15,0
7,4128125,125316,140661,91,85,31.55,513,1,1216683,0.03,0
1,4325186,176519,18077,57,86,7.41,50,0,247688,0.0,0
16,3538669,64418,851306,58,87,23.16,181,6,601334,0.24,1
12,4022147,309334,246797,60,64,30.81,927,2,229017,0.06,0
6,824152,36014,169299,71,87,32.65,451,5,220938,0.21,0
20,2445772,214071,1456729,83,89,5.38,175,9,920416,0.6,1
2,4560866,248989,1320474,84,58,16.09,342,7,1414259,0.29,0
14,2504310,191350,1336408,62,55,12.72,648,5,1575081,0.53,1
4,1176264,397707,793480,60,51,22.04,210,6,1341724,0.67,1
1,4293569,273924,1333288,81,65,23.99,195,5,1618354,0.31,1
18,4680757,200330,884015,91,50,34.99,957,6,1757850,0.19,1
13,4128094,52192,992523,64,79,20.38,967,4,721846,0.24,1
2,3165483,377019,410761,87,97,21.54,536,8,635679,0.13,0
9,4619713,371273,94449,50,82,17.43,864,2,444404,0.02,0
2,2990353,53923,569505,95,50,9.43,543,5,209240,0.19,0
9,3261316,99196,1227770,99,88,14.1,590,8,144906,0.38,0
1,2665849,12395,164818,73,65,12.41,852,0,177666,0.06,0
11,3133865,374593,926213,92,66,29.04,839,4,239322,0.3,0
3,782314,393891,1176449,89,97,21.37,830,3,280207,1.5,0
20,4041185,238456,1336078,71,97,13.89,781,8,491135,0.33,1
4,2705700,81028,114064,52,87,19.67,358,0,1905493,0.04,0
18,345693,252463,619675,63,67,11.57,624,3,776425,1.79,1
6,1849734,151056,684116,51,71,10.55,338,0,1989793,0.37,0
3,3888190,365320,966793,81,71,30.8,130,2,1918866,0.25,0
11,1110789,213400,975601,97,84,33.34,837,3,1378179,0.88,1
15,1085621,265315,994185,87,80,7.4,899,0,1286351,0.92,0
5,4693122,299068,86728,82,89,27.95,826,4,211109,0.02,0
20,761548,304721,1226907,95,76,18.6,957,5,676042,1.61,1
10,904824,148783,813842,91,85,16.67,492,0,457520,0.9,0
12,2032500,95548,1154272,55,53,25.68,867,9,1091358,0.57,1
15,4579845,267288,1040963,90,98,12.99,36,9,1480686,0.23,1
17,1903728,135093,273591,88,54,5.62,239,3,1710485,0.14,1
10,4962315,245835,1166530,74,74,11.42,506,3,1263171,0.24,0
6,3577136,338699,86569,83,80,10.55,830,0,134936,0.02,0
18,668451,361992,237963,60,63,6.02,324,1,785799,0.36,0
13,3587841,216084,731025,95,79,14.64,536,9,1766935,0.2,1
3,3422026,280398,1070213,86,96,19.24,148,4,725340,0.31,0
10,4977830,397554,693556,90,61,27.07,854,1,1461180,0.14,0
14,459425,239027,939873,56,76,14.77,643,2,884625,2.05,1
6,710609,218072,750377,95,94,10.84,43,8,1601261,1.06,1
3,4694893,258029,1276865,97,73,11.92,560,4,298201,0.27,0
16,2293333,219047,1072136,71,79,31.74,930,0,1785953,0.47,0
7,830458,375169,131241,97,67,11.14,151,4,1504911,0.16,0
20,2168093,140509,527703,88,63,31.38,575,2,1133685,0.24,0
14,2644913,247784,478704,59,68,18.41,340,0,978574,0.18,0
9,3987132,305107,1183132,70,71,33.03,516,2,734036,0.3,0
15,4009821,13273,1364707,55,75,17.24,907,5,902373,0.34,1
3,995911,25330,18225,98,56,10.33,738,9,1882024,0.02,1
2,4993953,162566,1129035,50,77,21.47,401,4,255339,0.23,1
2,1925240,86422,283080,83,87,22.63,235,0,1874249,0.15,0
3,628910,394233,1002450,63,54,24.06,775,1,679878,1.59,1
18,3469960,13212,881965,85,85,17.34,562,4,1188452,0.25,0
14,4237746,242131,1431597,76,67,6.46,935,8,1615766,0.34,1
20,281171,97594,364413,58,63,23.8,797,4,1526490,1.3,1
18,2673447,142152,845377,55,97,32.99,30,4,523723,0.32,0
10,2383448,304819,742759,80,72,33.73,101,0,1620448,0.31,0
2,1389138,32007,1316100,66,63,22.91,175,4,1829993,0.95,1
1,2449476,123805,1003750,92,81,5.6,185,7,1509034,0.41,1
4,2959374,354785,605109,85,54,8.18,227,8,720890,0.2,1
14,1652242,105815,1469052,70,71,30.02,43,9,970358,0.89,1
1,3663894,318959,1474671,76,77,29.89,826,2,492019,0.4,0
14,983258,355626,147215,90,92,33.38,906,3,1473188,0.15,0
16,2096999,272783,836176,77,61,21.91,710,6,1473900,0.4,1
14,3052889,335737,728309,65,67,30.91,351,6,1405969,0.24,1
20,1560573,88038,1211226,84,85,29.75,581,0,1086569,0.78,0
3,2077887,366043,1390982,85,80,22.68,538,5,1658772,0.67,1
3,1961201,275880,1368051,84,62,28.51,530,8,1818520,0.7,1
9,2537180,263506,616839,94,69,8.77,631,4,608848,0.24,0
6,3685862,26473,1120095,68,94,24.18,612,7,813138,0.3,1
13,1600507,138771,1198826,70,85,33.6,260,9,1274947,0.75,1
2,4435040,135801,92526,82,56,9.86,855,8,1564424,0.02,1
8,4603428,379742,731217,72,72,27.32,200,9,642961,0.16,1
2,2764462,96623,191269,55,83,14.62,312,9,1807279,0.07,1
4,2957398,235097,109365,81,99,29.51,102,2,1429670,0.04,0
15,588742,308964,521291,71,81,25.92,585,0,1379711,0.89,0
4,2521945,225933,298510,52,70,32.79,109,1,967032,0.12,0
13,842911,329733,446171,84,55,26.36,458,4,383691,0.53,0
12,876935,206879,99830,65,65,17.31,734,9,721593,0.11,1
13,1885124,290558,761573,91,84,5.33,562,6,677315,0.4,0
14,3323305,399522,1394142,74,96,28.79,212,5,200532,0.42,0
20,4827163,34220,961800,66,69,17.25,507,3,1343739,0.2,0
18,4273332,70531,809223,88,91,25.12,631,8,1851467,0.19,0
6,601072,382146,1319021,62,90,8.15,368,3,534443,2.19,1
11,2295637,183497,1175442,77,60,31.73,108,2,1671673,0.51,0
2,2988302,19387,1280306,60,81,18.07,974,4,1851619,0.43,1
19,1156010,255752,1152199,59,63,32.59,142,3,1597963,1.0,1
19,3721302,86815,491745,88,73,26.21,393,1,1290038,0.13,0
5,943264,37584,374968,73,93,8.64,66,2,505095,0.4,0
19,4668852,54783,953283,87,88,22.38,452,6,1556727,0.2,0
2,4111372,180881,561182,73,92,32.3,165,1,546845,0.14,0
10,619503,195399,866050,82,80,29.0,22,0,1531325,1.4,0
2,3379888,134494,966754,66,66,17.54,549,1,1181150,0.29,0
11,358253,125814,1090346,93,74,33.65,333,7,280738,3.04,1
18,869745,260139,642313,85,58,13.06,346,7,1232239,0.74,1
15,3411369,151929,1247883,84,71,16.25,100,9,883973,0.37,1
9,1859537,183333,422701,55,94,27.49,172,1,521723,0.23,0
19,1479898,345732,1088861,65,97,11.99,421,5,1008976,0.74,1
9,2564840,256509,1166289,94,84,20.46,839,6,1328203,0.45,0
3,971143,23580,687831,77,86,26.86,507,0,724040,0.71,0
9,4106377,28240,572959,90,66,24.32,830,6,1136079,0.14,0
14,4690998,264351,380360,81,77,9.66,86,7,509798,0.08,0
19,4185853,355590,1005655,75,50,23.89,108,8,126631,0.24,1
7,1661433,376677,644158,60,58,22.18,154,7,491046,0.39,1
16,3548549,264271,1176473,74,98,21.74,898,2,1822100,0.33,0
16,1526325,90974,406914,80,62,29.78,221,7,1497540,0.27,1
1,4890693,83401,769814,70,96,10.52,447,2,917078,0.16,0
4,2347865,223165,759242,94,81,27.55,959,5,1038310,0.32,0
4,3142050,174340,695089,100,77,27.83,198,3,552273,0.22,0
7,1776845,275790,11171,52,80,26.68,358,6,187633,0.01,1
8,1188722,196443,448381,61,57,20.18,98,7,1596687,0.38,1
17,2237398,258123,49948,100,57,16.87,616,9,279046,0.02,0
5,3727110,314960,559013,89,83,16.84,552,5,1028788,0.15,0
7,4489639,99460,281594,95,72,27.01,397,9,244929,0.06,1
20,1265560,316256,1455092,90,59,19.94,184,3,753566,1.15,1
20,2954036,61048,912332,74,86,15.15,559,7,1758288,0.31,1
4,291656,216518,84600,66,97,23.76,768,6,533656,0.29,0
6,2362766,142850,135513,87,74,30.11,819,9,1063610,0.06,1
7,553153,317896,111315,85,100,6.85,716,7,1429671,0.2,0
18,3653708,342870,544403,85,82,34.16,956,9,1649217,0.15,1
5,4329977,221912,1483789,68,94,7.9,841,6,1693873,0.34,0
20,4301153,316932,668975,93,53,20.35,174,2,1892946,0.16,0
3,1187938,276891,670092,51,56,21.81,142,2,1687699,0.56,0
7,1182014,10045,942871,66,82,9.15,618,8,1874824,0.8,1
14,4001065,17758,42738,79,51,32.47,221,6,1133611,0.01,0
7,1062839,265397,132053,96,97,19.14,59,0,1109621,0.12,0
5,1882245,397220,1242529,59,95,9.29,188,2,666578,0.66,0
5,1264367,164509,1238257,84,81,26.35,89,0,1822877,0.98,0
2,1306623,160657,480306,85,54,24.9,811,5,468318,0.37,0
6,434898,150926,343810,82,95,33.89,933,1,1247303,0.79,0
15,661122,193148,511801,50,66,18.25,349,6,263989,0.77,1
10,875025,329094,10728,67,61,13.03,459,7,128039,0.01,1
7,4464550,158421,892284,53,61,6.8,418,5,1043593,0.2,0
5,4309683,237300,117616,96,84,26.99,512,4,160059,0.03,0
1,1805752,162420,218422,76,70,23.52,373,9,1536593,0.12,1
13,3483549,175368,822646,74,70,34.18,347,3,457422,0.24,0
18,4965123,29455,1038967,77,51,26.36,517,8,999383,0.21,1
13,1007040,219896,189007,71,70,32.99,438,7,1205823,0.19,0
18,4332443,241897,742441,91,64,34.75,522,4,1787690,0.17,0
5,2643292,98552,307732,74,60,17.85,558,0,1672244,0.12,0
13,3842891,318260,1198601,66,59,9.51,364,7,401977,0.31,1
4,2354828,392605,854840,93,67,10.88,662,7,1488173,0.36,1
17,3793345,50484,296247,61,72,14.55,808,6,1166830,0.08,1
3,1233388,353782,1119525,65,80,20.27,396,6,446125,0.91,1
17,2984975,144476,1274453,86,75,8.67,314,7,1109611,0.43,1
11,3283362,178332,966768,65,51,14.05,307,0,132611,0.29,0
20,651989,110647,1061999,66,88,14.23,273,2,1257890,1.63,1
4,1019555,75642,300206,80,56,5.12,453,3,146827,0.29,1
2,3277026,221803,698165,64,73,15.63,520,5,1861208,0.21,1
20,2344751,318153,62979,62,88,8.48,104,9,638118,0.03,1
16,348469,138824,83905,89,81,17.89,540,9,605382,0.24,1
18,2537422,258914,1125546,76,75,10.9,581,8,468629,0.44,1
8,4370555,301749,63805,70,72,29.66,532,3,1382232,0.01,0
3,716394,120879,119779,51,63,7.42,535,5,1669906,0.17,1
9,3974159,130827,409852,57,78,30.97,535,8,1785613,0.1,1
20,2290825,277724,581755,91,74,22.42,516,8,1154272,0.25,0
6,720112,387046,491135,56,80,18.76,621,5,952710,0.68,1
10,3490303,277544,148079,59,51,21.49,181,4,1662904,0.04,1
10,2904114,180715,363604,53,51,16.28,686,2,786622,0.13,1
13,2846785,237257,488963,92,72,8.83,546,4,1578741,0.17,0
17,2618853,368176,732224,90,96,27.98,384,2,1554217,0.28,0
9,3279710,137319,396605,85,60,32.84,563,4,799857,0.12,0
17,732249,116960,1166681,84,78,33.5,444,9,157420,1.59,1
9,4584077,49015,1173111,92,91,25.12,986,9,331367,0.26,1
9,4737112,343857,1320178,52,84,17.31,976,0,1825576,0.28,0
1,1329775,213877,599176,67,98,19.35,594,5,857369,0.45,1
2,2396916,155109,600310,100,58,24.71,976,6,881262,0.25,0
16,1370933,272063,1221048,95,81,29.69,383,1,866727,0.89,0
1,1591449,98754,707217,92,79,16.24,127,2,461464,0.44,0
10,2718929,231775,1216175,73,64,32.5,33,9,1615616,0.45,1
18,3192933,315292,803369,81,63,14.73,42,8,224434,0.25,1
8,1059734,213225,693032,83,100,20.93,642,7,1335741,0.65,1
11,1867832,162606,525400,51,66,33.84,340,3,1010344,0.28,1
2,2457728,232067,490492,51,71,33.15,529,7,147150,0.2,1
8,2072154,394934,75561,59,79,25.87,691,7,257183,0.04,0
8,2907834,358222,1213730,72,66,14.74,60,5,268365,0.42,1
17,1113605,66879,642469,64,65,11.57,813,0,1776377,0.58,0
15,3209526,129894,584770,61,57,7.4,323,1,805024,0.18,1
17,1710399,75839,404520,92,88,26.26,988,3,1953314,0.24,0
13,216939,39756,909410,66,80,20.1,675,3,1641793,4.19,1
19,2741083,153755,56625,67,61,22.17,434,1,1244472,0.02,0
5,4700908,190557,990055,63,82,19.17,469,8,1356861,0.21,1
12,2232656,239303,1435079,66,61,19.49,819,1,454816,0.64,0
1,4265011,159787,333390,64,74,22.14,413,5,1035802,0.08,1
5,3489986,102943,1323308,61,87,32.43,684,4,1939761,0.38,0
8,1467403,228188,902342,65,97,5.88,613,3,1226280,0.61,1
13,1515777,158188,128658,81,67,29.05,384,5,1747238,0.08,0
8,4544109,46744,545255,72,68,16.72,757,3,1828588,0.12,0
11,2054165,134697,392297,87,52,27.35,448,8,1498864,0.19,1
1,2447837,126072,1004944,83,84,33.46,171,9,837036,0.41,1
13,577224,246028,1334976,83,54,14.19,278,6,1359276,2.31,1
19,4873802,179123,713708,65,84,7.69,849,2,975049,0.15,0
3,4632482,17176,914553,83,100,11.97,610,9,1683739,0.2,1
17,4653722,363454,713839,89,76,11.66,726,3,1763717,0.15,0
5,434433,262365,738985,56,86,27.26,970,0,1197572,1.7,1
20,2226199,159748,476356,82,95,6.86,242,5,1837929,0.21,0
8,564446,55177,654433,53,70,6.53,285,1,983533,1.16,1
14,648934,120623,1444298,92,65,25.81,249,3,1547358,2.23,1
4,2857885,10997,98120,56,77,21.7,458,4,472842,0.03,0
11,2082226,130179,713895,67,74,17.53,169,7,1141348,0.34,1
20,3107658,257439,1355560,53,82,22.26,929,2,1227715,0.44,0
15,2278038,130403,1294088,98,66,27.06,476,5,1973698,0.57,0
19,1671617,105287,899079,60,92,8.1,997,0,1587533,0.54,0
7,1023271,129574,1240235,92,79,21.6,155,8,1251916,1.21,1
19,2142120,266463,59321,69,90,29.73,654,0,550871,0.03,0
19,3211098,131509,1283431,60,53,15.87,889,1,1675510,0.4,0
11,2889762,357591,1091778,64,51,27.89,418,0,1795236,0.38,0
5,3139905,381666,1236236,95,58,30.36,641,7,315723,0.39,1
5,1882964,353288,1369951,66,80,29.63,162,3,1714456,0.73,1
8,1021939,258505,225743,83,74,24.51,967,1,1177915,0.22,0
10,4493548,202589,1259875,99,86,26.52,89,6,1120502,0.28,0
6,3837588,364837,1022801,97,85,28.63,73,7,203849,0.27,0
15,2685084,366459,1332381,61,54,27.01,863,8,1053953,0.5,1
16,3703123,299531,1220673,91,73,18.55,957,4,198718,0.33,0
17,4155966,14090,399308,77,73,9.77,422,2,1258278,0.1,0
8,3814705,392990,655930,97,78,14.29,571,0,1895590,0.17,0
8,2700120,312383,929588,84,99,11.22,728,7,715171,0.34,0
9,4132613,13743,852275,57,94,15.84,46,5,623627,0.21,0
2,4255032,40924,1379998,76,80,19.68,861,4,808991,0.32,0
15,3957378,151268,762638,71,86,33.77,318,6,1188543,0.19,0
18,2396274,363959,94328,73,68,33.78,711,4,798907,0.04,0
3,2629700,115312,1286916,51,72,28.09,577,3,1214039,0.49,0
17,821458,341004,1334918,80,84,34.4,673,4,408995,1.63,1
4,1731439,226249,61201,71,99,34.94,339,6,649350,0.04,0
4,4296920,234090,335415,50,55,31.56,464,5,683411,0.08,1
14,2273890,239602,212810,63,55,7.39,117,9,1877004,0.09,1
9,3581579,352543,1453169,74,86,17.78,145,9,1630119,0.41,1
9,3701661,320939,373722,85,79,21.02,77,8,1550013,0.1,0
18,2917956,323697,735193,85,50,8.72,196,9,115234,0.25,1
10,4265249,113976,401252,90,57,29.26,738,1,370089,0.09,0
4,2804902,165183,1351084,52,77,9.46,304,6,891621,0.48,1
12,598008,123566,901659,54,74,16.5,685,0,726806,1.51,1
8,4319214,267443,483121,50,82,7.07,46,7,1019878,0.11,1
2,1523957,129968,1148929,68,87,20.74,470,3,1873455,0.75,1
13,2054260,71600,1443455,82,63,22.91,342,7,504549,0.7,1
16,3749651,60022,170316,91,60,27.06,694,7,1345391,0.05,0
2,2996647,144271,975895,79,51,15.18,269,3,227066,0.33,0
11,374001,323041,863996,61,79,22.72,719,3,210711,2.31,1
10,2614607,310182,1002863,59,79,27.02,976,4,796267,0.38,1
15,4106419,133323,1194725,83,53,27.86,389,6,633461,0.29,0
17,265867,196110,713209,65,62,14.05,985,5,1546094,2.68,1
8,288780,130278,1330351,89,56,7.03,865,0,795039,4.61,1
18,2895145,383198,460662,95,87,6.13,109,5,942274,0.16,0
9,3141478,280041,819932,78,52,28.04,150,2,1044251,0.26,0
8,1074072,74541,413113,64,58,16.56,948,8,1017615,0.38,1
14,3967263,116968,321059,97,63,9.02,829,2,1008273,0.08,0
18,4049981,24892,954881,60,60,10.53,544,8,852598,0.24,1
20,4395031,34815,889192,93,86,27.98,48,4,1251589,0.2,0
20,4284591,317756,289041,83,63,22.97,796,9,1563216,0.07,1
12,1219051,288411,702640,85,68,20.04,563,7,314401,0.58,1
19,1614119,290412,900281,79,57,23.69,681,8,764257,0.56,1
14,1468182,124463,1159694,84,56,9.12,105,8,1973648,0.79,1
17,4274161,367491,1368040,58,56,14.57,77,6,1425202,0.32,1
3,590732,200732,487702,67,52,16.22,76,9,1500772,0.83,1
7,2770746,206599,854721,68,52,14.43,413,0,220963,0.31,0
17,2451743,204451,556229,88,67,30.93,44,7,680433,0.23,1
12,4226352,366686,755036,53,94,22.44,209,6,775943,0.18,1
9,2476158,182343,145306,55,82,26.88,978,3,1003720,0.06,0
15,3320452,338756,1051952,100,86,12.1,95,5,864471,0.32,0
18,3505640,148307,1341503,82,77,12.92,390,9,1754582,0.38,1
13,2910807,98757,434465,81,85,11.76,918,1,1153433,0.15,0
8,1662417,370219,305169,65,65,25.64,870,3,852881,0.18,0
14,875899,306753,540735,60,64,15.47,756,7,1159742,0.62,1
8,518774,374929,1265513,71,78,17.15,525,3,1008926,2.44,1
14,686626,264200,915301,85,67,26.27,962,9,352565,1.33,1
7,3223871,33645,706475,99,98,34.15,202,3,1418218,0.22,0
12,811868,205630,1002512,72,95,9.86,173,3,793167,1.23,1
11,4733910,334377,59834,75,95,6.88,288,9,256495,0.01,1
11,1607757,383587,922043,80,68,10.85,922,8,545311,0.57,1
13,1404656,164473,457199,78,78,27.05,949,1,1254947,0.33,0
18,3656800,279915,412073,54,55,10.84,297,6,1717044,0.11,1
2,938456,374745,1245633,87,94,22.53,359,2,403272,1.33,1
15,1338452,161460,1134942,74,99,22.71,894,3,1761484,0.85,0
20,2846416,397368,1200726,83,96,13.83,42,0,854648,0.42,0
18,882986,93251,955078,61,76,7.06,451,2,1247987,1.08,1
15,4754704,67042,787301,71,56,16.98,545,1,684199,0.17,0
19,2488013,325884,1373344,58,76,10.6,625,9,681738,0.55,1
12,1967581,206945,171147,69,68,10.53,362,6,1194516,0.09,0
13,2548818,57024,1142252,78,66,20.68,898,5,156584,0.45,0
11,3615398,164522,1478162,93,90,25.19,71,0,1601841,0.41,0
5,3544849,66965,893320,78,60,7.26,358,7,765630,0.25,1
1,535510,282201,473137,94,54,22.35,954,8,886163,0.88,1
3,3294973,234321,1223399,76,51,12.39,60,0,1078466,0.37,0
19,4846637,281127,136203,66,96,25.2,695,4,366486,0.03,0
7,3401824,29995,1181006,54,61,29.31,537,6,930365,0.35,1
12,250248,124587,615438,94,91,29.21,426,1,1871474,2.46,1
15,4265183,243076,1499163,62,91,16.1,157,5,779848,0.35,0
5,2377040,232700,737667,91,60,22.02,118,7,1244855,0.31,1
15,440346,48886,933750,64,59,28.81,360,7,1788049,2.12,1
8,818821,361169,1327936,64,77,6.82,755,9,1726965,1.62,1
10,4436258,105149,305131,67,56,23.17,335,9,1587151,0.07,1
16,4746167,104020,632312,99,63,30.1,561,7,1805357,0.13,0
8,864164,12673,938081,51,62,16.17,244,5,1348658,1.09,1
1,1996641,349657,509742,72,54,18.66,857,5,817115,0.26,1
12,462739,33466,566608,92,100,25.96,280,2,1793532,1.22,0
5,3637464,247626,273445,62,91,7.04,266,1,1464245,0.08,0
3,2621961,364689,206123,92,57,16.57,98,4,125117,0.08,0
1,468116,60406,223410,53,99,13.87,716,8,1991470,0.48,1
4,3623754,79284,126560,96,50,5.51,830,3,829876,0.03,0
8,1970330,245718,1311611,74,54,10.88,711,4,476217,0.67,0
3,4858575,386723,312601,60,60,16.88,492,5,354307,0.06,1
10,4024857,23665,637677,99,92,10.92,96,5,220331,0.16,0
2,2846460,30641,447651,97,97,23.07,281,3,1848870,0.16,0
11,564765,45797,283076,91,59,18.46,760,3,437098,0.5,0
10,2120382,225838,266336,61,64,6.18,21,7,1468313,0.13,1
14,212879,318094,802560,62,88,13.25,36,4,1292038,3.77,1
7,758086,112339,22836,58,96,5.58,363,4,1932403,0.03,0
2,3977807,123431,1335557,94,78,15.74,31,8,384706,0.34,1
9,1731618,242275,641316,87,74,12.77,959,3,848867,0.37,0
16,4199143,293317,911608,55,97,25.65,713,6,526515,0.22,0
13,4882251,154294,125172,92,55,14.22,865,4,1075406,0.03,0
9,359472,191136,1333498,100,60,16.25,26,8,855283,3.71,1
20,2291028,178082,1091706,92,66,26.76,265,7,1821611,0.48,1
4,3095537,263301,278852,59,64,19.43,947,7,971476,0.09,1
10,2927850,28095,369625,72,65,21.69,176,9,1006000,0.13,1
12,1898019,133554,1203880,64,51,30.24,193,9,136881,0.63,1
17,3500335,397758,1236914,94,85,11.21,506,2,1157895,0.35,0
14,1979472,244989,956916,72,68,34.68,860,8,1586999,0.48,1
14,3813983,99023,272196,89,87,32.0,865,7,1414631,0.07,0
2,3349783,117181,213827,86,99,13.6,712,2,1899844,0.06,0
20,2597466,232310,1380410,83,70,31.79,996,9,1188503,0.53,1
11,2526168,292744,559834,65,60,27.62,300,0,1784328,0.22,0
16,4108673,274610,734705,94,90,32.92,328,4,703549,0.18,0
19,2134984,266349,157044,100,52,25.73,256,3,1247987,0.07,0
6,1538971,186169,1304204,90,83,25.23,176,7,1973203,0.85,1
19,4341314,382078,995563,96,67,5.1,270,5,940854,0.23,0
5,4486419,63276,1070606,81,64,19.24,240,9,997572,0.24,1
4,2237701,279072,741001,87,74,11.01,357,4,409705,0.33,0
15,4210086,327453,1138407,89,99,14.72,242,8,1515520,0.27,1
4,3817760,215719,77400,95,100,34.36,230,5,1543479,0.02,0
20,682870,181960,280199,54,64,7.57,356,2,269827,0.41,0
10,4757612,236097,492436,66,79,26.67,153,5,1431575,0.1,1
3,4409689,184904,742868,71,66,10.19,863,3,1177455,0.17,0
5,4197581,126196,942997,88,67,5.22,953,4,1301713,0.22,0
6,4352109,19404,599149,90,80,20.04,790,5,378235,0.14,0
8,2805822,219190,1427244,97,99,9.84,514,8,1292395,0.51,0
7,317369,123187,378970,67,92,33.96,566,2,1578035,1.19,1
10,3919127,382593,968561,77,67,11.11,202,0,1590478,0.25,0
6,2550876,37684,1396629,62,84,10.76,834,1,544900,0.55,0
14,3573328,78591,217789,99,62,5.97,180,7,1431321,0.06,0
4,3819047,391965,256072,91,63,14.89,624,3,1663417,0.07,0
13,2431737,218794,1039906,50,85,5.72,406,6,1576589,0.43,1
20,3067695,274826,76497,99,67,19.97,216,1,1649431,0.02,0
17,2965847,121186,804137,68,54,20.17,846,9,980890,0.27,1
7,1948076,253181,175748,83,63,6.6,737,7,744934,0.09,0
4,1850522,31832,1281306,53,74,12.2,503,9,465866,0.69,1
14,1367213,26997,353784,92,93,29.96,521,8,1941198,0.26,0
3,1107153,306784,210117,52,88,18.88,508,6,1565940,0.19,1
5,2914660,50491,1055677,90,61,18.04,371,9,1262538,0.36,1
16,3200827,73043,324639,59,89,25.96,549,0,752159,0.1,0
20,2123298,384319,1446535,77,77,26.45,253,1,963903,0.68,0
4,3825279,138568,533239,83,84,27.86,913,8,1717414,0.14,0
2,4236423,386394,247117,88,50,29.91,864,9,1621908,0.06,1
18,721397,82725,190606,96,52,11.97,597,6,537974,0.26,1
19,992425,138131,522283,68,92,6.99,775,2,601459,0.53,0
19,3310997,55520,1419295,91,99,16.41,428,4,1285567,0.43,0
17,4104413,335063,837350,95,56,30.65,295,0,780153,0.2,0
14,1766772,119869,1186811,85,58,7.34,730,9,1113731,0.67,1
19,3201179,74442,1182118,92,85,22.28,478,2,561562,0.37,0
13,252066,271025,1026538,52,72,26.03,472,3,1446903,4.07,1
12,2671146,162842,409759,72,73,19.44,432,3,1334233,0.15,0
6,458480,377390,150348,66,59,12.66,37,6,1674580,0.33,1
4,4383005,188570,1168590,56,99,14.79,91,4,620795,0.27,1
19,3952331,381831,692241,75,97,7.15,686,8,845177,0.18,0
16,1211214,133447,1389670,92,61,13.78,397,6,755649,1.15,1
13,4280554,71477,7749,67,68,6.33,701,1,891129,0.0,0
4,4371364,10244,810614,95,81,26.79,853,7,1799012,0.19,0
17,2135822,351597,339594,95,73,31.94,374,1,717143,0.16,0
1,2773937,187561,1420947,55,71,24.01,813,6,1211617,0.51,1
18,4397739,343447,229216,80,52,24.7,170,4,1918015,0.05,0
20,2136513,300534,518567,78,89,19.16,280,9,233425,0.24,1
17,3505742,20247,414599,58,76,9.68,99,5,903351,0.12,1
15,1670851,210123,640546,84,68,5.23,125,3,578427,0.38,0
11,912917,200791,1061757,66,58,15.32,542,4,120141,1.16,1
13,3135973,217358,1093474,61,100,27.54,422,4,1747348,0.35,0
1,3136598,301727,489620,85,98,33.81,739,6,1262865,0.16,0
17,4686745,149148,273006,97,62,17.93,927,3,759209,0.06,0
6,2857179,156123,1234327,73,51,15.96,149,4,534053,0.43,1
4,1651511,38670,290832,59,85,18.38,190,3,1779713,0.18,0
20,2900993,397064,489697,79,78,17.83,425,3,579966,0.17,0
16,4402618,20236,1323659,78,60,23.78,941,7,800211,0.3,0
15,818119,45568,767631,88,83,27.02,52,4,268170,0.94,1
15,4207324,117327,1011971,59,53,28.55,555,8,1271761,0.24,1
6,3715530,265745,366296,88,53,24.49,216,4,1383181,0.1,0
15,3119697,382332,301729,77,50,18.13,936,7,262105,0.1,1
14,841462,288496,378459,67,74,33.5,65,2,1315411,0.45,0
11,2527089,135721,1153023,90,75,26.33,293,6,834220,0.46,1
7,744653,269291,768173,99,60,17.8,762,0,636188,1.03,0
9,4695477,166228,1288010,66,72,18.4,152,4,778714,0.27,0
16,593186,65904,1024204,60,51,29.54,283,1,495430,1.73,1
5,3955490,394285,678302,50,68,18.22,616,7,1816276,0.17,1
20,4734666,288252,241147,66,78,20.49,386,5,322393,0.05,0
10,3504299,274997,398488,85,89,13.75,844,4,1296307,0.11,0
18,962790,356300,1485926,85,53,30.17,24,2,1146974,1.54,1
3,1950093,276320,1203913,95,65,20.67,288,0,1556479,0.62,0
13,1420682,110459,254743,58,96,21.58,870,9,1662633,0.18,1
11,3095018,195922,703552,94,86,31.42,752,9,1679417,0.23,0
17,807317,147901,605848,77,76,32.62,725,9,1746738,0.75,1
13,2300923,133225,1408155,97,54,29.73,440,9,742524,0.61,1
6,1893675,245847,9297,82,64,6.96,365,7,1909212,0.0,0
17,1174303,231738,1112581,52,72,18.31,944,4,1932780,0.95,1
13,4194417,390602,915265,100,98,15.3,88,8,227605,0.22,0
19,520580,120893,189506,57,52,11.41,819,6,1011265,0.36,1
19,3453507,346071,1443399,99,67,32.27,377,0,1034739,0.42,0
10,3076237,390322,654942,55,92,31.7,707,0,1353863,0.21,0
3,3831047,252726,1238831,55,75,18.96,405,6,347313,0.32,1
14,1236658,312811,611282,78,55,9.04,344,6,850968,0.49,1
19,680674,206914,56305,86,93,5.4,770,8,609665,0.08,1
5,4947924,191880,213058,61,66,18.15,500,1,406287,0.04,0
5,593056,16611,736431,58,95,6.2,198,6,1878247,1.24,1
20,4483335,360386,1274539,90,87,23.29,275,1,1761583,0.28,0
17,3812914,356756,593982,98,91,23.25,438,9,653575,0.16,0
10,383024,319046,697133,68,97,31.97,230,9,825206,1.82,1
5,1276048,257524,1327506,66,99,10.7,930,1,1360511,1.04,0
4,2357098,305187,40693,97,76,16.14,758,4,1255582,0.02,0
6,1144353,146343,419794,93,69,30.79,603,8,1828076,0.37,1
4,3609413,345011,963912,81,55,19.23,386,8,595333,0.27,1
7,1251341,349233,593990,84,100,6.79,596,9,130657,0.47,1
7,4699522,330889,1395565,63,84,8.32,185,0,1653612,0.3,0
18,4030371,200191,458024,98,61,29.4,233,6,639034,0.11,0
3,2023980,152645,520436,65,97,27.31,548,9,826787,0.26,1
1,2166849,162481,1438088,70,52,31.28,867,9,598408,0.66,1
4,1921742,358114,557827,61,97,8.57,192,2,452211,0.29,0
6,4760351,296608,142512,73,53,27.81,148,9,594722,0.03,1
9,4913094,259220,288389,83,94,24.65,22,9,1329142,0.06,0
14,3495453,128523,939601,57,53,11.97,914,0,1549537,0.27,0
12,3825613,30662,853524,93,53,34.22,915,1,494639,0.22,0
20,2336491,290372,371598,70,88,22.11,779,5,933737,0.16,1
4,3764701,70721,677058,97,70,32.21,89,9,604107,0.18,0
12,504543,148458,157879,57,93,30.77,71,1,386865,0.31,0
10,4176173,279006,700662,77,51,14.99,456,1,356769,0.17,0
7,3312261,50108,1265512,65,65,21.08,397,3,1136749,0.38,0
3,1656498,101788,663399,59,56,17.94,790,2,310859,0.4,1
14,3897925,254437,509946,64,68,26.27,770,7,600627,0.13,1
10,4368986,247011,1358147,53,92,22.64,113,7,588247,0.31,1
16,4913297,352284,412269,75,82,28.55,578,5,565399,0.08,0
16,3291287,168273,1276828,64,58,5.35,606,3,1576471,0.39,1
10,912932,340722,1427521,85,86,25.63,622,6,556854,1.56,1
13,1181271,59966,1137723,81,66,14.57,105,8,1963285,0.96,1
6,1192206,195846,579701,92,76,11.73,537,1,1789798,0.49,0
12,2438154,282530,590246,87,82,29.04,761,5,507980,0.24,0
9,203285,87228,26597,53,98,7.68,449,6,303054,0.13,1
13,2857303,156297,1388241,90,61,11.85,882,0,620013,0.49,0
4,3233361,344341,618531,58,94,11.11,848,5,872999,0.19,0
11,1904491,53021,68908,84,60,17.59,62,7,1296529,0.04,0
20,1581688,391059,317332,77,62,14.67,843,6,1749540,0.2,1
18,1302491,159333,296854,86,80,26.61,729,1,281014,0.23,0
11,865979,389318,222424,96,62,25.98,389,1,341768,0.26,0
4,984278,262646,704410,58,87,14.76,423,3,1418921,0.72,1
18,707553,96755,835681,51,75,18.11,322,4,345360,1.18,1
1,1176778,76330,558535,52,80,11.24,201,4,1397434,0.47,1
7,4284457,188438,463378,93,71,25.13,188,1,1173144,0.11,0
6,2670562,344466,76313,97,55,16.89,222,6,1835266,0.03,0
15,2738076,374462,726043,54,69,8.98,725,7,889248,0.27,1
18,3998057,55313,1297983,59,70,8.82,562,1,395238,0.32,0
11,3398747,244729,267587,77,59,14.67,121,3,1428775,0.08,0
20,4925965,242783,916702,64,68,27.42,595,2,465450,0.19,0
15,2102871,299176,883250,63,84,5.77,365,3,1108353,0.42,0
16,822215,158430,1480137,95,75,12.73,622,4,249630,1.8,1
7,2011049,333854,1192549,72,56,9.87,461,5,629523,0.59,1
10,546229,367470,198831,62,86,33.69,269,1,1820097,0.36,0
12,1366572,358301,173804,65,57,26.16,202,9,507763,0.13,1
14,4957812,38365,734664,79,54,12.0,321,5,754235,0.15,0
5,2689799,285333,250278,89,93,11.22,897,8,321104,0.09,0
18,4926234,17248,148579,57,85,30.74,882,7,1310556,0.03,0
5,279971,14369,784370,66,100,10.71,299,0,1588361,2.8,1
3,2073200,300749,343929,79,77,34.91,736,8,1507908,0.17,1
5,1766049,321760,1175267,66,99,13.47,108,9,1931298,0.67,1
17,4791901,375863,1306002,84,52,7.53,824,1,594344,0.27,0
19,3049095,181955,297535,50,88,25.73,444,0,416403,0.1,0
19,1515502,43055,1493522,98,57,23.29,940,5,287093,0.99,1
12,4580088,209803,901451,73,64,34.99,304,0,1485601,0.2,0
9,1399110,388824,914060,97,76,29.06,690,5,626358,0.65,0
1,1046462,279594,1274968,98,98,17.87,894,1,975698,1.22,0
18,923879,143997,521819,74,100,25.3,149,6,989336,0.56,1
4,4188571,60272,242174,51,85,29.54,267,6,1444408,0.06,1
10,3532006,15310,90153,74,65,20.41,671,3,597611,0.03,0
7,1819814,41817,1086324,63,75,13.19,920,1,742458,0.6,1
1,1644315,225888,921382,88,94,11.3,208,6,1433576,0.56,0
17,1702718,92641,133021,100,93,13.86,110,0,802934,0.08,0
2,3028340,225155,1265028,82,53,30.44,587,1,248899,0.42,0
11,1394737,217382,247888,66,61,16.41,757,1,1816635,0.18,0
9,3743525,25457,1462673,80,66,13.6,865,0,201105,0.39,0
7,598825,52311,1230954,59,90,29.18,858,8,1232271,2.06,1
17,2085190,161958,611438,55,93,5.96,184,5,1615548,0.29,1
17,4895781,133573,89364,88,75,22.82,567,2,1036180,0.02,0
2,430596,369571,1164501,74,80,31.21,349,5,1676567,2.7,1
6,3079198,308325,9958,87,64,17.3,560,6,1770057,0.0,0
14,4322990,174334,1188345,86,83,13.08,99,2,474645,0.27,0
6,4305810,273272,1135736,79,78,19.75,953,3,206015,0.26,0
2,2942651,89522,1222449,83,58,26.52,889,9,1230123,0.42,1
1,1633482,173394,283343,67,63,20.5,188,0,218429,0.17,0
10,494358,58929,238962,73,85,5.23,564,5,1637083,0.48,1
5,3073798,91696,427704,98,53,7.35,112,5,255786,0.14,0
2,4921005,387389,1359722,76,87,26.64,643,8,448516,0.28,1
16,1782369,281952,23731,76,86,17.0,398,1,345358,0.01,0
2,3186386,105148,138148,88,73,28.54,228,4,266373,0.04,0
10,1381753,293869,886358,70,66,24.48,928,4,793740,0.64,1
2,1447752,344678,652160,68,62,22.45,921,6,240623,0.45,1
16,4784751,312094,41410,88,69,32.04,213,4,730522,0.01,0
16,4895154,230026,1496119,72,66,5.64,283,9,1113346,0.31,1
19,3514479,93576,881380,88,100,9.65,266,3,1953617,0.25,0
7,316908,30557,716432,97,76,23.73,649,9,454816,2.26,1
12,2543145,31825,228443,93,82,6.97,467,1,1479928,0.09,0
15,3575896,281142,1089617,96,70,24.35,759,7,757520,0.3,0
8,1051563,46080,1434336,64,66,34.52,540,4,288698,1.36,1
6,1050712,268815,577614,92,71,31.36,938,3,1278143,0.55,0
10,4147922,198869,1480341,51,74,22.73,730,8,1281445,0.36,1
3,841142,156874,839528,84,52,31.82,498,1,718536,1.0,0
19,437902,52407,963894,100,76,8.49,296,2,1028675,2.2,1
17,2360231,130283,439268,69,76,18.64,148,7,1502022,0.19,1
7,1794441,23338,447803,77,95,17.86,321,3,803318,0.25,0
20,4704562,86289,847724,64,61,15.09,593,8,1903484,0.18,1
4,682450,159967,337563,65,64,5.01,533,9,1827389,0.49,1
14,2098238,188982,510839,82,87,31.73,379,9,1746293,0.24,1
20,1719598,119367,761752,96,69,28.33,862,9,382936,0.44,1
15,2409485,338042,508365,61,71,24.59,376,9,1019434,0.21,1
8,2859232,127486,11093,88,51,8.87,485,8,771065,0.0,1
15,245807,358684,999540,88,53,16.35,191,9,1888374,4.07,1
20,1635986,224209,72043,92,94,32.73,776,8,1473314,0.04,0
14,860501,266055,386678,69,62,23.51,107,0,624335,0.45,0
9,1758274,146421,1447622,78,81,23.1,519,5,100133,0.82,1
8,847272,397560,1210256,92,71,32.39,915,9,1891531,1.43,1
17,4932369,312107,889297,98,74,21.8,102,5,1159814,0.18,0
2,3384074,367073,1435398,52,76,22.93,536,7,397276,0.42,1
3,3138287,163535,1358007,97,66,15.37,880,6,463957,0.43,0
8,3964993,84935,483263,54,55,16.14,570,6,259154,0.12,1
12,509963,199864,557715,51,92,25.57,915,1,601845,1.09,1
1,4291701,285830,916281,72,100,14.61,341,3,473807,0.21,0
10,1383493,73528,371983,75,65,21.77,484,0,1991313,0.27,0
20,4941882,109811,1038991,75,57,13.38,832,6,677534,0.21,1
3,1623271,294931,1031510,56,82,9.98,606,3,1200265,0.64,0
6,4818219,387757,1256123,59,59,18.63,632,8,1302016,0.26,1
7,1907229,198499,678731,54,83,11.52,160,5,397383,0.36,0
20,4250177,270141,1012986,96,68,31.95,624,5,692258,0.24,0
18,2940936,114887,220967,61,63,14.11,650,8,1399357,0.08,1
11,1751726,71086,234625,81,52,22.92,819,7,825231,0.13,0
19,2706976,374375,110949,91,90,12.9,640,5,1754423,0.04,0
5,4591649,265494,1175471,80,72,12.74,574,5,1102946,0.26,0
19,3100203,73308,289459,71,89,15.52,155,5,839585,0.09,0
11,1850870,287941,83804,66,60,32.48,349,3,227019,0.05,0
12,3820597,277446,700897,69,96,16.74,748,4,1104711,0.18,0
10,1008062,48059,472913,69,55,29.64,974,2,454066,0.47,0
8,3189159,141980,621645,92,83,10.92,414,8,539486,0.19,0
9,867538,201324,206337,57,50,6.45,175,1,1760465,0.24,1
4,4807455,153949,1403169,96,84,28.45,58,6,828339,0.29,0
5,2213338,286383,1299752,83,74,21.26,301,0,1269208,0.59,0
8,3278378,37313,1201832,98,78,20.11,859,9,1192590,0.37,0
9,2262624,52103,1206218,72,72,13.17,889,6,820240,0.53,1
15,4845373,189480,1179098,87,67,7.17,557,1,377809,0.24,0
15,2147175,98771,1353750,77,63,19.49,563,4,402686,0.63,1
16,4461663,136228,848677,62,66,31.02,65,0,973201,0.19,0
14,2500612,101665,710827,78,51,8.6,687,4,1840904,0.28,0
8,4210768,282678,1299266,57,80,32.88,263,3,385625,0.31,0
18,2242749,315204,559421,60,68,13.24,922,0,1594436,0.25,0
10,1525831,289333,568286,96,81,20.97,566,0,409098,0.37,0
20,4680609,96067,1196886,94,77,7.0,469,6,220156,0.26,0
6,1105352,283111,1426323,67,90,17.75,297,2,633433,1.29,1
12,1091255,223063,1096821,99,57,8.78,773,9,1379625,1.01,1
2,2160022,337707,1334277,74,91,6.44,425,8,805854,0.62,1
7,3476194,280804,1381194,98,90,34.0,909,8,160835,0.4,0
16,2478598,390815,227810,71,89,26.9,790,9,749910,0.09,1
3,4811534,139909,1245315,94,88,26.57,65,8,689794,0.26,0
13,2081397,150688,1265161,84,71,7.72,965,0,1715928,0.61,0
3,4111251,85976,1113650,78,73,32.88,768,3,1386383,0.27,0
18,4805681,243208,58204,70,87,19.08,539,0,1409652,0.01,0
11,1880664,189810,753957,56,51,30.57,791,0,647242,0.4,0
8,3746434,285251,1272448,61,90,5.38,290,8,721160,0.34,1
6,2678843,202476,680935,85,90,13.95,575,4,1257696,0.25,0
1,962557,104182,473479,73,68,34.88,257,0,1118857,0.49,0
1,4430061,253153,1255672,81,90,17.84,186,2,794411,0.28,0
8,2919713,363931,937573,76,51,31.65,395,6,1240797,0.32,0
5,4346477,288098,941650,81,77,14.84,607,1,579383,0.22,0
16,782933,289087,1482144,81,81,20.76,688,3,1144609,1.89,1
11,521199,50725,23694,81,68,30.63,220,1,630862,0.05,0
5,1126502,317578,1332460,75,65,23.17,765,8,1967389,1.18,1
4,4029994,357895,966942,60,79,26.76,251,8,1567831,0.24,1
6,1611746,20110,588162,95,71,11.86,465,6,367475,0.36,0
14,2629488,288606,1146237,67,63,9.68,743,6,870447,0.44,1
19,229092,351376,715042,88,50,11.91,437,1,1143105,3.12,1
9,857191,195153,699560,54,94,19.79,173,9,654700,0.82,1
12,2587807,76567,22970,65,51,29.03,387,7,1494577,0.01,0
11,1083435,192296,928399,60,71,15.62,744,0,735420,0.86,0
14,4281534,399569,415474,84,95,21.94,106,7,117458,0.1,0
16,2090576,328207,1105876,97,82,29.14,549,4,376202,0.53,0
1,3709934,123394,1309963,60,64,12.16,722,3,1052845,0.35,0
13,3659379,327384,61915,91,99,31.49,839,9,659453,0.02,1
13,407580,353496,1188092,72,90,33.59,73,1,1469145,2.91,1
2,969032,158940,599435,83,71,6.17,747,2,624706,0.62,0
4,1872992,353133,66535,97,89,6.77,61,9,1665832,0.04,1
6,4942256,32222,692244,66,88,7.73,368,1,1755423,0.14,0
5,3972380,89794,889147,59,90,28.3,249,3,937668,0.22,1
3,4558548,73924,185576,67,90,10.68,761,2,923789,0.04,0
1,676857,109854,1179568,93,60,26.77,713,4,183723,1.74,1
4,1860100,350657,1484922,57,53,18.24,455,6,1058161,0.8,1
20,211017,270038,174953,75,56,30.09,160,8,213290,0.83,1
2,4131895,326793,1478243,52,70,29.26,307,4,1460410,0.36,1
5,3300786,375130,444629,73,56,33.79,870,7,418184,0.13,1
3,2851788,253815,747417,52,53,12.53,868,1,1306442,0.26,0
9,3755392,355893,1372998,87,61,11.88,341,5,1346049,0.37,1
20,2568787,243127,947143,51,76,5.95,613,7,192179,0.37,1
6,409720,151295,752345,84,66,17.31,461,8,389070,1.84,1
18,2418222,189238,924399,66,69,18.77,186,3,1649063,0.38,0
6,4190919,49369,879947,58,80,33.94,942,3,801412,0.21,0
19,3215624,358523,1100718,85,75,29.92,865,6,144228,0.34,0
12,4337192,341536,1437877,71,80,10.0,585,3,917478,0.33,0
11,2332162,284805,930056,80,84,28.95,482,4,292043,0.4,1
2,4317386,156663,1141506,83,58,10.35,475,1,476563,0.26,0
15,1895625,343862,97812,73,54,7.33,92,1,1985195,0.05,0
12,2162160,196307,164702,58,97,30.11,744,9,469000,0.08,1
12,1934872,280114,1322967,95,57,34.28,702,4,1790371,0.68,1
9,1851722,57922,1328323,92,70,7.64,967,9,649159,0.72,1
2,4431797,302899,1150675,51,65,29.42,289,9,1477682,0.26,1
3,4037478,130926,700924,70,100,30.78,238,1,1897557,0.17,0
12,4224537,29416,199530,83,65,8.56,667,5,1110432,0.05,0
16,2980877,23672,267993,76,67,13.5,566,5,1645590,0.09,1
1,2820390,138145,1013340,86,96,27.01,677,7,998794,0.36,0
3,3231863,188068,1272964,56,77,29.23,202,0,1655190,0.39,0
20,1350311,346239,836746,71,67,15.62,97,6,164140,0.62,1
2,1795776,10064,176796,53,63,9.8,327,6,307665,0.1,1
9,2268535,78835,279374,63,97,24.45,784,8,1837396,0.12,1
19,3317173,211457,334639,83,86,26.06,347,3,129171,0.1,0
15,3444811,257795,363534,72,89,20.11,964,6,418889,0.11,0
18,3233932,359738,1484522,93,65,9.35,923,5,181772,0.46,0
11,821747,126916,900155,91,70,30.33,440,3,395979,1.1,0
16,2695902,392452,265467,74,50,24.36,255,9,1215244,0.1,1
17,3044517,354660,1442237,50,60,31.07,853,7,289537,0.47,1
5,1481258,336810,665323,100,60,32.99,868,2,1277314,0.45,0
12,4823190,205346,968015,97,51,29.17,608,7,238684,0.2,0
11,4623475,390438,1040402,64,81,33.76,905,4,1682297,0.23,0
15,3719567,283010,907233,81,68,33.63,481,3,1900340,0.24,0
3,4561862,13889,670797,63,54,23.58,956,2,1804882,0.15,0
1,1183061,128194,1130523,90,52,26.85,604,9,537323,0.96,1
20,496412,134714,516655,70,77,25.98,558,6,363759,1.04,1
16,2771703,41335,275631,96,75,23.63,935,6,702675,0.1,0
2,2585632,60547,1388104,56,72,5.58,57,5,1222366,0.54,1
2,3087225,167234,1321975,85,79,15.68,785,2,1236211,0.43,0
3,3432860,230521,645148,70,57,8.0,927,8,810581,0.19,1
8,2895563,165759,919483,99,85,14.01,445,1,395305,0.32,0
15,1698118,370900,387740,89,78,7.06,617,2,1050102,0.23,0
7,2000831,283139,1463097,61,62,32.6,888,0,1631246,0.73,0
6,1794362,12631,598831,64,74,18.54,453,6,175229,0.33,1
9,3940214,147039,1083670,64,71,10.68,378,1,1663902,0.28,0
20,2268710,360438,952602,66,95,22.54,50,9,335578,0.42,1
1,3846313,359422,1269214,83,82,10.89,224,7,346279,0.33,0
8,1207705,74471,1475562,93,86,29.13,724,8,1884626,1.22,1
3,2982540,309260,727344,84,56,14.18,761,1,755748,0.24,0
4,516790,364260,301749,88,72,14.45,200,5,280811,0.58,1
15,2116195,143014,77932,87,55,31.1,776,0,726089,0.04,0
6,3747480,57664,1172685,63,64,21.78,59,7,1929877,0.31,1
15,3987415,169141,552169,54,64,31.62,860,4,260379,0.14,0
3,245712,97342,194473,79,89,17.39,442,8,1221781,0.79,1
14,2696641,24407,111513,53,83,15.32,925,2,1249451,0.04,0
20,4728268,123926,1033622,64,63,20.19,176,1,812983,0.22,0
14,2422494,331345,36680,88,78,6.84,187,6,619212,0.02,0
4,1864092,352237,83452,84,65,9.63,689,6,319700,0.04,0
12,4730801,223053,51044,94,78,11.59,661,9,1114964,0.01,1
17,687707,27878,1014279,59,72,29.5,101,4,947248,1.47,1
7,292091,93100,699444,51,59,27.01,687,6,192096,2.39,1
9,1093150,350773,1193158,93,96,10.8,706,5,1344533,1.09,1
3,735827,233059,352646,73,53,13.3,819,8,1634185,0.48,1
13,1132196,53168,546440,77,61,33.33,619,2,1455961,0.48,0
15,2249736,260396,609026,71,91,7.57,121,3,1534404,0.27,0
18,4140063,260481,1206093,93,83,21.42,779,8,1593929,0.29,1
19,621743,327006,394411,81,53,20.66,737,9,1001829,0.63,1
1,1763482,38004,1153109,80,69,26.77,108,7,1397998,0.65,1
6,1830872,292615,549721,68,77,12.84,364,9,1801031,0.3,1
2,1725068,101820,922809,100,77,33.04,819,5,1824950,0.53,0
14,4814228,201239,1043611,70,55,17.32,942,2,1182774,0.22,0
6,2364452,112229,189932,52,63,13.57,329,8,1833861,0.08,1
14,4785711,337452,1253261,55,84,15.11,627,8,1557968,0.26,1
4,4334777,356113,48648,81,96,15.46,459,5,1366559,0.01,0
8,3537013,24568,194162,51,50,10.97,178,1,1350251,0.05,0
3,4174532,19466,1276569,73,68,32.84,133,6,354598,0.31,1
19,3444699,232129,1295178,94,50,10.25,555,8,212932,0.38,1
14,3283562,67324,889936,76,62,31.48,182,8,984111,0.27,1
20,2335896,374352,295206,58,57,17.15,305,2,1822358,0.13,0
17,4772530,156539,333777,62,67,13.08,884,1,382661,0.07,0
8,2616738,85955,1289777,63,84,10.96,74,4,1465223,0.49,1
14,2907430,157748,662038,100,72,20.13,595,9,1701378,0.23,1
6,2156678,104791,32121,60,99,25.08,52,6,1544007,0.01,0
16,2532127,172586,649303,63,75,31.95,577,2,1889212,0.26,0
19,2825090,380862,1024583,65,90,24.57,750,3,116486,0.36,1
14,2126252,32650,1451470,59,87,19.51,820,9,1500976,0.68,1
19,2274278,360434,1048120,69,69,6.0,215,1,436626,0.46,1
3,2218852,87701,1217280,65,51,32.46,784,9,1160825,0.55,1
10,2345265,282827,1094811,83,75,32.07,467,1,1827123,0.47,0
19,4534165,239164,1181296,65,85,16.36,817,6,546829,0.26,1
9,1280701,90978,1391933,63,74,5.87,767,1,1974072,1.09,1
20,1478343,14860,507438,77,79,27.0,610,0,606683,0.34,0
13,3232115,144801,481517,67,67,28.75,944,3,1007685,0.15,0
7,890778,41351,540777,75,56,21.27,977,5,1089502,0.61,1
14,4244064,334888,923322,87,76,17.09,111,9,536006,0.22,1
9,378157,165418,1418910,56,60,30.53,627,9,701725,3.75,1
19,1953897,392342,386757,94,86,10.78,247,3,146783,0.2,0
15,2550959,346299,426365,83,57,18.19,305,0,1933444,0.17,0
20,4028973,131449,944816,96,60,5.73,893,0,1869554,0.23,0
14,811709,86700,1478916,98,73,9.92,254,8,1410228,1.82,1
6,1429959,245486,1316,94,79,33.22,121,0,1715135,0.0,0
4,3543867,279099,988494,56,79,22.34,783,6,517563,0.28,0
8,4156092,267571,60046,82,64,29.17,159,6,1990150,0.01,0
17,2842800,202408,865075,84,84,19.6,854,0,343176,0.3,0
9,1858332,293806,987114,99,88,30.04,674,0,160683,0.53,0
1,4651441,16408,115594,88,73,21.17,771,5,1613080,0.02,0
20,1549651,181475,1023429,70,57,5.14,285,7,1766670,0.66,1
14,971279,273369,508566,98,92,31.99,361,6,466670,0.52,0
11,4274999,156444,652583,77,91,9.46,592,5,865787,0.15,0
3,863431,267320,678462,81,69,18.52,554,9,422935,0.79,1
9,777701,27279,1163006,93,90,19.3,542,2,1938676,1.5,0
14,1788404,120401,762318,65,96,6.42,35,6,1199343,0.43,1
9,2005148,236801,1436502,59,75,6.59,580,5,317238,0.72,1
4,452515,257380,949461,72,73,27.88,897,7,1094035,2.1,1
4,4092825,364548,406088,97,71,14.01,355,3,620921,0.1,0
8,3071083,179259,574382,99,54,17.29,929,8,265902,0.19,1
2,809723,257145,834151,64,64,21.92,409,0,587524,1.03,1
9,4938379,320625,653114,92,85,16.2,189,6,403883,0.13,0
14,483126,169547,836910,99,86,28.25,932,8,1270819,1.73,1
9,2844046,54552,753523,55,78,31.53,138,9,543426,0.26,1
16,2176230,209041,43677,82,64,6.79,61,0,921598,0.02,0
17,4349161,217606,264250,88,76,24.06,29,9,766556,0.06,1
16,3579595,240677,406885,61,98,14.53,449,2,801052,0.11,0
12,3963302,271869,512703,85,57,22.5,487,6,1375552,0.13,1
3,1126097,215558,1073799,80,78,19.52,68,8,1849516,0.95,1
11,2183438,84474,453882,59,68,15.01,796,0,587588,0.21,0
14,583609,297312,461235,83,80,7.84,226,5,313419,0.79,1
18,3305003,42099,420698,90,58,21.78,698,1,809541,0.13,0
5,2063082,212252,846801,59,59,8.38,533,4,1988036,0.41,1
16,2710963,250454,689503,60,86,9.68,599,6,1044570,0.25,1
20,1953313,333599,785977,63,59,34.47,839,6,753937,0.4,1
5,2586149,64240,1203888,52,82,14.5,229,9,1999639,0.47,1
3,3681591,346940,272159,82,74,22.53,158,6,1511140,0.07,0
12,2448885,326736,868596,56,53,13.17,56,3,405425,0.35,1
1,3003005,270746,51500,53,54,30.97,237,5,1198287,0.02,1
9,1486353,394325,850357,88,72,13.5,475,9,1145328,0.57,1
9,2464719,262051,1401699,97,88,16.01,531,5,433121,0.57,0
4,3245471,111611,224045,59,54,23.25,297,6,1588816,0.07,1
3,3244221,68046,704991,64,57,31.1,199,8,1764361,0.22,1
17,4326553,260468,993694,65,66,29.49,536,5,807129,0.23,0
2,3404181,26488,182159,87,50,12.92,149,9,1420866,0.05,1
1,1861342,199913,210861,53,99,29.89,664,0,788717,0.11,0
8,1019593,390665,841341,53,61,26.04,630,7,417643,0.83,1
13,3532791,193741,289741,85,84,34.69,691,1,1164889,0.08,0
15,2673592,151917,224376,76,63,33.06,767,2,599424,0.08,0
8,3116933,177131,402648,71,97,20.99,678,4,913830,0.13,0
12,1216783,28394,1122876,71,67,27.5,378,5,1911961,0.92,1
12,4106997,366137,878269,66,59,22.11,646,6,1797382,0.21,0
14,3470421,186978,49314,94,64,22.85,23,3,502540,0.01,0
15,2126663,69332,1018448,83,91,8.05,618,2,500648,0.48,0
15,985786,178377,883881,81,82,5.07,577,8,120867,0.9,1
9,2627667,52628,1378677,55,68,6.45,102,3,354367,0.52,1
19,4240013,293496,1485507,82,83,34.0,173,8,1399332,0.35,0
20,763889,355115,1233098,57,94,8.79,525,8,1838295,1.61,1
8,477834,61993,1003566,99,74,6.33,528,2,1873879,2.1,1
19,4930654,180458,1241550,85,65,14.29,837,2,1703835,0.25,0
6,4731834,375171,290461,54,57,22.65,813,7,1523347,0.06,1
20,4094325,392356,1429911,54,84,33.45,858,0,1922507,0.35,0
19,1938667,18539,328897,96,70,26.0,819,5,937191,0.17,0
4,3487281,142335,297386,59,68,13.29,642,5,1578284,0.09,0
7,3444998,325961,1180577,89,95,33.17,648,8,1270819,0.34,0
4,4198585,250310,368406,56,60,6.08,116,1,345962,0.09,0
12,3016112,216873,1302844,61,93,34.37,959,7,546222,0.43,1
13,1932141,321251,886238,79,60,6.76,301,6,734743,0.46,0
3,4483191,371799,360868,74,60,27.62,720,1,534285,0.08,0
12,1035544,66132,882399,77,71,6.36,619,0,571121,0.85,0
2,2439164,397845,807174,92,70,32.95,838,3,1965299,0.33,0
2,486629,115494,17833,62,76,8.26,974,1,1296800,0.04,0
9,2537643,325123,595635,96,67,6.51,618,2,1277792,0.23,0
1,1834461,330157,1122731,98,91,31.68,953,1,165674,0.61,0
8,4206714,235997,876223,71,97,7.87,557,8,1984380,0.21,1
6,2214601,73797,745868,67,89,28.94,911,3,1665532,0.34,0
6,2016418,61798,406743,76,87,27.41,448,0,1594871,0.2,0
18,4147347,157722,1499931,57,79,22.97,562,7,1724403,0.36,1
17,3087569,86421,114527,55,100,16.34,145,3,1937533,0.04,0
12,1946988,279578,229482,60,94,32.47,729,9,1530462,0.12,1
6,4544939,302172,724945,78,96,31.13,320,7,1420357,0.16,1
8,1220346,76558,565345,90,94,17.79,562,7,1983332,0.46,0
19,2086522,296475,198511,54,82,11.95,386,8,418252,0.1,1
10,3319331,77573,515553,56,70,13.18,848,9,920809,0.16,1
1,4203487,139473,1354981,71,51,11.61,963,6,1752933,0.32,1
13,4647077,187398,726272,96,62,21.24,763,3,318435,0.16,0
17,1034938,355123,1441834,53,51,31.06,64,1,1263462,1.39,1
3,1007400,276267,208990,81,92,28.21,512,5,1733071,0.21,0
8,4784125,288747,1071025,68,94,28.87,335,3,646656,0.22,0
14,3766881,338085,946363,94,80,18.45,208,5,125736,0.25,0
3,4131792,52597,139648,82,59,14.67,71,7,642041,0.03,0
16,4567207,204310,439090,50,72,27.72,583,2,1375890,0.1,0
13,3781877,356382,1347065,95,71,28.8,351,0,1175374,0.36,0
20,4497255,232858,1166502,90,96,25.86,518,4,264328,0.26,0
17,3191890,313895,386720,93,78,5.96,996,2,988276,0.12,0
13,4349570,398606,1017942,99,82,22.69,337,5,802779,0.23,0
6,505745,96978,855860,90,80,15.41,429,2,963027,1.69,1
17,1979892,289837,748008,57,63,10.89,342,0,978971,0.38,0
14,1408402,178769,4321,81,59,25.83,610,8,585205,0.0,1
17,4743247,366668,792208,79,67,13.06,580,4,1834560,0.17,0
8,4907527,370013,1026392,95,60,32.39,249,1,1407065,0.21,0
11,4180527,171064,278263,77,88,13.94,363,1,1550848,0.07,0
20,1120243,335969,130078,90,96,21.66,390,8,1736143,0.12,0
1,3621103,150594,693956,81,52,29.83,575,0,1953572,0.19,0
7,3602410,317550,315111,74,51,17.06,311,9,766580,0.09,1
17,2536038,248078,688423,83,57,29.86,456,2,111290,0.27,0
10,1390283,250140,1235078,82,80,26.71,266,9,1147464,0.89,1
11,621001,153193,112620,62,57,32.63,959,6,1332128,0.18,1
9,4096134,133371,1448460,74,92,14.78,238,0,1430738,0.35,0
9,3035309,273761,1056771,91,97,8.15,553,1,1394991,0.35,0
5,4078016,53016,999601,89,51,17.91,661,5,417282,0.25,0
17,212336,296420,778985,88,71,28.57,538,8,879619,3.67,1
9,1669204,240959,1106571,93,54,18.51,803,8,1230731,0.66,1
17,3158963,344384,130112,98,56,12.86,491,7,705855,0.04,0
19,3391319,378436,38250,93,69,5.83,369,2,1641084,0.01,0
7,2125656,196807,782129,97,77,14.39,63,1,371150,0.37,0
9,3179718,27959,933580,59,62,26.4,771,0,1585718,0.29,0
7,4822974,38522,1063952,80,51,9.43,897,8,1883054,0.22,1
13,3968553,36567,567730,93,81,15.23,84,4,519481,0.14,0
11,489372,72708,24809,60,75,5.61,265,2,1164484,0.05,0
14,214429,136206,1163671,74,52,26.65,604,9,171165,5.43,1
19,1332870,32560,656053,95,90,31.42,90,9,1144184,0.49,1
11,4346118,68390,623761,94,91,22.06,728,4,1495126,0.14,0
13,1074506,135772,1143345,83,62,5.78,720,2,1297697,1.06,0
14,3676808,317248,467375,69,70,11.53,177,8,766187,0.13,1
13,3557707,67805,598998,56,94,18.15,957,0,431666,0.17,0
1,1043810,246109,797784,82,86,22.63,494,0,665242,0.76,0
8,4431614,296640,1231844,84,72,19.89,861,2,167359,0.28,0
12,4594203,224373,1250714,78,56,32.48,44,5,294006,0.27,1
19,4822776,101257,1101652,61,66,33.16,869,1,941412,0.23,0
12,407500,13515,285498,54,77,8.21,602,0,1072086,0.7,0
8,4494166,14454,658672,61,96,9.15,844,7,1497976,0.15,1
8,4762272,247145,1356553,78,79,15.74,242,9,755970,0.28,1
13,1291014,32873,362136,84,54,17.64,179,8,584663,0.28,1
12,4635786,346064,158264,69,73,22.58,837,9,317317,0.03,1
16,3062750,285871,1149302,86,56,28.19,94,0,1815820,0.38,0
1,2261439,138376,89199,50,83,9.07,157,2,841715,0.04,0
13,2778305,79070,381339,65,99,29.08,937,4,1012878,0.14,0
7,2060966,371203,1030412,79,91,23.3,498,6,356163,0.5,1
5,1455950,134564,168561,58,82,34.43,572,9,1664742,0.12,1
8,4027233,238497,1299707,91,76,24.54,322,3,1330549,0.32,0
14,4732070,127213,1418227,59,63,26.48,929,5,252628,0.3,1
13,1750531,191051,552561,62,68,10.86,406,0,277748,0.32,0
15,3896458,35465,553761,97,97,28.07,491,3,1656821,0.14,0
17,4476252,194972,585698,69,100,7.38,353,7,1620550,0.13,1
15,3633468,69799,406895,78,87,24.7,328,4,635306,0.11,0
20,1815270,106129,355125,53,61,6.67,547,7,1971607,0.2,1
18,1289100,149374,45310,95,52,8.46,906,0,298987,0.04,0
18,2407312,379432,191755,98,56,8.24,720,9,1302137,0.08,0
2,4875195,253761,1423485,77,84,6.57,559,8,742845,0.29,1
4,768933,252821,1336712,86,74,14.63,182,3,1522414,1.74,1
1,584903,22875,1078009,62,98,34.83,917,8,410215,1.84,1
4,4269604,37219,469790,52,64,15.45,848,7,1685258,0.11,1
18,981608,308326,962524,86,68,27.82,971,7,613972,0.98,1
5,1366026,221613,665130,97,68,8.97,74,1,1949425,0.49,0
19,1968407,351925,331429,68,72,18.63,805,2,652137,0.17,0
15,1740710,16457,896553,77,60,10.55,474,9,135207,0.52,1
8,3546386,43064,384891,68,70,10.76,324,8,1079173,0.11,1
20,3623082,125256,428487,66,83,7.99,121,2,255362,0.12,0
17,4312742,370441,1253039,67,88,17.96,573,7,1273523,0.29,1
1,1767043,244659,764993,67,100,7.27,794,4,1556907,0.43,0
12,4494329,219727,23439,72,56,32.29,407,6,263824,0.01,0
19,1399728,170353,1406546,89,91,18.44,702,3,1326050,1.0,1
15,1743992,268063,404317,99,93,30.16,227,7,1389683,0.23,0
9,2481636,246887,617064,58,76,34.38,334,3,1984029,0.25,0
7,2159484,244841,737679,78,99,25.33,68,4,269269,0.34,0
2,4584347,79918,1486709,100,72,32.05,591,0,1001591,0.32,0
9,3143430,223057,354489,91,87,9.06,537,9,426223,0.11,0
10,3411208,362323,899355,78,69,29.9,167,7,714267,0.26,1
2,967128,347088,869891,51,76,13.14,818,6,660821,0.9,1
19,4709408,99142,244361,66,57,19.18,230,4,1619689,0.05,0
11,2531774,37603,735922,94,86,24.4,391,5,1795378,0.29,0
13,634368,318602,1482988,80,52,32.11,681,0,714120,2.34,1
10,3766194,80605,678929,77,51,32.33,616,7,305453,0.18,1
14,2120773,291767,906030,92,71,7.76,997,8,179283,0.43,1
18,3034523,54440,697247,97,55,15.94,691,4,870509,0.23,0
19,1367498,354571,938397,88,88,28.8,66,9,1493813,0.69,1
9,716576,365970,874403,79,89,26.09,693,6,822563,1.22,1
7,3991296,299604,448520,84,85,5.79,518,9,1541518,0.11,0
3,1688204,224117,1171875,97,93,18.5,174,3,146963,0.69,0
20,3133811,223877,495644,100,73,29.88,249,5,1441754,0.16,0
6,4033538,120373,425615,69,61,27.13,319,1,357697,0.11,0
2,2370856,277014,772443,65,66,17.36,177,3,638431,0.33,1
6,731149,28909,1425399,83,71,27.05,692,4,299929,1.95,1
3,438366,281261,967035,63,68,21.54,942,8,1911071,2.21,1
16,4718362,259975,80570,75,58,32.38,266,8,1529777,0.02,0
8,1065718,339618,1320162,69,61,22.61,587,7,845953,1.24,1
2,4607900,103926,318581,91,81,17.02,170,3,616177,0.07,0
17,268515,137463,340323,100,80,30.89,318,5,717703,1.27,1
9,616740,111536,952573,73,66,6.5,998,6,693950,1.54,1
12,2566361,292272,693920,92,72,32.02,73,0,250249,0.27,0
3,2093884,261981,1499862,67,59,25.89,242,0,305907,0.72,0
11,1141208,341145,435643,92,79,33.22,785,3,171721,0.38,0
1,4583233,272584,912040,58,68,12.52,599,2,1856873,0.2,0
13,3482422,190685,978000,68,75,25.85,584,9,1787802,0.28,1
15,3167381,133491,597040,69,75,29.28,486,3,230557,0.19,0
5,2538692,160619,1256896,91,60,26.06,776,8,1339426,0.5,1
17,2260035,91662,201513,79,69,11.31,505,1,1379572,0.09,0
6,3314659,246128,366447,75,94,13.27,571,3,1505923,0.11,0
11,1864005,10005,1207578,80,53,22.0,463,6,601430,0.65,1
18,1607576,244152,744402,84,96,18.4,873,1,698281,0.46,0
4,4221926,279182,1426007,52,61,27.05,924,7,1557734,0.34,1
3,222995,278558,793720,89,74,16.36,882,9,736310,3.56,1
13,1853005,341650,1158146,78,59,30.78,157,3,1216235,0.63,1
9,1912355,348730,881979,55,71,17.96,797,8,1428614,0.46,1
6,641168,288626,522699,50,56,6.2,945,0,1512876,0.82,1
12,889197,239901,1080976,73,73,5.52,669,6,1071431,1.22,1
2,699471,212945,909041,87,51,24.4,973,0,1389082,1.3,1
3,2613911,43948,132639,83,81,21.22,311,9,851500,0.05,1
3,4884162,362131,572166,100,70,21.28,229,8,1860096,0.12,0
12,3848984,232873,48850,56,56,28.7,703,9,1446910,0.01,1
15,210514,232322,918598,60,57,16.27,716,9,370575,4.36,1
9,2344608,30875,666495,60,100,34.86,830,0,288466,0.28,0
8,2304385,285201,1093689,85,87,33.37,771,2,201311,0.47,0
11,3411861,42400,58791,69,70,5.39,230,6,263410,0.02,1
16,3130299,78607,796116,65,57,31.87,894,0,847476,0.25,0
4,828373,359705,879215,54,74,25.42,682,4,1573375,1.06,1
1,833389,299647,139118,73,77,20.06,407,5,244985,0.17,1
7,1357260,111096,529222,79,77,22.48,415,2,1899037,0.39,0
2,1575520,56612,977060,79,80,30.26,143,5,377004,0.62,0
5,3555000,370462,263498,88,85,33.53,580,3,1705788,0.07,0
7,3781311,271538,629065,97,74,21.81,939,5,1515366,0.17,0
4,3983831,94335,254164,96,90,10.44,928,5,981663,0.06,0
5,4521906,373133,1101622,86,86,24.19,143,3,697422,0.24,0
1,3996286,103012,373242,82,87,7.29,87,0,530745,0.09,0
1,2161328,91748,589352,69,100,24.05,494,2,1312101,0.27,0
15,4289437,172491,1367904,71,61,29.26,377,9,1356159,0.32,1
20,3769199,75195,658323,90,86,15.6,762,6,1789571,0.17,0
19,3891198,214767,27424,70,86,7.14,475,1,678677,0.01,0
10,1550093,99846,735399,86,80,25.77,365,3,1254803,0.47,0
18,393691,112404,1013281,76,67,15.18,949,5,1496810,2.57,1
3,3784476,311286,269283,87,75,12.47,540,4,678487,0.07,0
11,4675687,271320,273370,84,55,25.68,797,5,131444,0.06,0
15,1390064,81540,1415954,87,58,34.09,656,4,1111474,1.02,1
11,3165560,179361,473514,89,60,27.36,902,8,1656321,0.15,1
17,4942998,349092,345796,55,80,19.74,852,1,1589904,0.07,0
17,3609747,331095,1040062,81,95,23.02,643,3,1953806,0.29,0
6,2203146,21755,693468,65,51,9.27,517,0,946579,0.31,0
5,2792440,262915,594935,77,78,29.4,347,6,242513,0.21,0
8,679969,390129,160887,65,95,23.13,349,0,823051,0.24,0
2,2691721,94553,697590,76,100,33.97,585,5,617922,0.26,0
16,882346,144962,1039719,52,91,34.38,446,9,278864,1.18,1
20,1204411,366520,1243020,98,54,15.64,462,9,687230,1.03,1
12,4595223,266760,476665,70,72,34.66,620,8,841037,0.1,1
6,3131659,27175,1197113,87,85,33.71,114,1,657148,0.38,0
1,399542,337831,401210,87,56,24.19,890,0,737893,1.0,0
4,1920342,357127,452282,79,62,15.0,781,9,1531651,0.24,0
17,3683802,235783,754380,71,91,27.6,974,2,636756,0.2,0
13,2019833,165360,923733,68,59,13.14,470,5,158014,0.46,1
18,2150500,56629,1405031,80,85,23.9,336,6,1576703,0.65,1
5,4284032,126779,747662,69,65,5.74,506,7,1763207,0.17,1
3,1423045,188872,1130700,96,64,23.86,697,3,1408922,0.79,0
11,3104936,178439,481920,68,92,33.55,758,7,1603125,0.16,1
13,2136983,340657,700149,51,68,12.05,667,6,904418,0.33,1
4,1604568,92762,757758,89,70,28.35,915,7,1708583,0.47,0
14,960956,170094,1267050,88,84,13.8,596,4,1469836,1.32,1
11,3754382,210401,927028,76,64,26.24,24,9,1748658,0.25,1
10,3888498,67941,88074,57,97,26.0,651,6,1018814,0.02,0
19,4557847,315617,1156921,94,63,10.54,390,3,337343,0.25,0
18,4765861,196670,1266410,76,78,22.91,750,0,950230,0.27,0
6,699964,26040,925607,64,54,30.78,896,2,302854,1.32,1
15,3197493,79806,1102779,61,98,16.48,574,9,182078,0.34,1
10,999458,154358,1194738,96,67,26.31,207,8,906594,1.2,1
5,205435,210211,1236635,63,100,25.23,45,3,1789138,6.02,1
5,339565,122076,378884,56,50,12.73,798,4,1951769,1.12,1
10,3142905,65916,122217,66,76,32.56,181,2,1692543,0.04,0
5,3628261,158672,146101,75,76,21.91,764,5,1747305,0.04,0
3,4954417,275955,751727,86,74,15.66,149,3,767739,0.15,0
6,1527654,41276,89067,69,90,9.93,552,4,672058,0.06,0
4,2827014,195217,53520,59,70,19.2,902,6,683855,0.02,1
18,2339934,353193,1118629,68,63,26.9,429,6,1555213,0.48,1
9,647628,211750,51464,67,69,23.71,659,8,1983946,0.08,1
17,2767592,229854,153033,79,77,26.81,607,1,373118,0.06,0
13,3219065,232115,944339,79,70,28.75,92,3,360274,0.29,0
15,4259319,196757,945229,74,72,18.23,252,7,747905,0.22,1
20,664535,153266,811789,73,60,20.6,874,3,888932,1.22,1
17,2848191,345206,1026713,59,51,34.59,125,2,422634,0.36,1
13,1548894,160434,132316,51,69,34.04,920,9,1655014,0.09,1
16,256572,326643,67952,87,73,17.44,28,5,1854951,0.26,0
4,3750985,56281,1096637,81,74,25.56,650,2,1664368,0.29,0
5,2713595,316996,792922,84,86,13.03,69,1,1853579,0.29,0
5,2333221,272120,514072,100,71,9.58,541,8,435793,0.22,0
9,937550,263693,912737,86,73,28.05,644,2,1241692,0.97,0
17,1998954,188908,1073568,56,64,18.09,461,0,737030,0.54,0
13,2160350,14595,254166,56,61,10.31,797,8,1244872,0.12,1
2,982533,105930,176010,76,95,27.77,609,4,852919,0.18,0
13,1129090,156474,779375,59,80,32.46,55,6,1029309,0.69,1
19,3002743,271745,318393,82,92,33.0,221,1,994457,0.11,0
3,587902,206355,962239,92,80,22.89,843,0,1794962,1.64,1
10,2100302,364820,1361454,56,79,19.39,137,5,632019,0.65,1
2,884659,183795,205532,55,90,9.26,721,4,1378897,0.23,0
13,639717,192394,649914,55,69,28.78,773,9,1111256,1.02,1
19,912494,187836,714967,62,57,33.36,824,5,731485,0.78,1
17,3990918,232360,1110428,97,93,31.68,188,1,981742,0.28,0
14,3367118,291549,1076956,62,79,27.55,531,6,282979,0.32,1
12,2441105,68122,477563,51,84,5.14,249,0,1160036,0.2,0
12,1520307,240561,1119833,68,70,17.23,579,7,1159870,0.74,1
11,2522024,242661,172263,100,96,17.32,169,6,1945067,0.07,0
7,2764695,138909,1315650,68,89,31.83,874,6,210621,0.48,1
4,4875431,275591,925336,99,77,6.97,227,5,1835792,0.19,0
19,1295589,194215,513279,87,88,20.94,80,9,632105,0.4,1
1,1114217,20662,704914,51,66,9.08,862,4,1504637,0.63,1
3,4064708,68282,743847,100,61,24.87,136,8,1282681,0.18,0
13,278113,300726,316161,75,99,28.77,258,2,637259,1.14,0
15,2121792,77471,1499090,55,67,24.26,902,8,1869861,0.71,1
2,4562113,133513,444605,69,96,28.84,886,4,812346,0.1,0
11,1739219,183285,728666,72,77,23.22,67,7,1834931,0.42,1
4,4680572,117578,156597,64,52,10.7,467,2,1878907,0.03,0
19,4202262,348015,604918,55,100,16.48,776,6,1168307,0.14,0
17,4789716,93205,990975,77,64,33.71,487,9,1541803,0.21,1
3,4193687,346225,555568,84,65,13.65,312,3,175244,0.13,0
18,2689667,377927,1190888,60,71,6.89,444,4,773364,0.44,1
8,4490955,244631,462757,57,98,16.54,536,3,1371517,0.1,0
19,1495125,93805,792976,99,80,15.99,631,8,616144,0.53,0
5,285395,134698,713341,98,80,19.11,224,6,1142099,2.5,1
7,4760141,178902,934836,100,50,21.81,199,5,1433257,0.2,0
8,1333859,20712,157908,100,60,34.77,548,5,1402514,0.12,0
5,1293060,353671,276532,73,55,27.69,109,9,124836,0.21,0
17,2898954,136888,244335,70,72,6.08,519,6,763871,0.08,0
5,3435863,242398,525982,98,58,26.38,127,4,1292121,0.15,0
4,2595067,206437,1176303,85,65,29.73,209,9,896900,0.45,1
19,3851422,97185,1004181,56,87,31.87,199,2,1248807,0.26,0
2,4583030,371995,637345,54,93,17.72,780,2,155965,0.14,0
11,414223,22210,1360014,78,68,14.41,782,6,1348016,3.28,1
13,4369495,46972,563057,65,94,30.18,39,9,451042,0.13,1
15,2812761,246966,432636,55,62,28.33,378,0,755375,0.15,0
12,2195457,306280,1424009,63,81,21.08,628,3,1086906,0.65,0
11,1213071,388589,1151461,51,85,8.54,753,9,1950994,0.95,1
7,3475072,288089,571934,74,58,24.55,675,7,1898149,0.16,0
5,3488560,236273,1483044,80,95,6.97,26,3,1937353,0.43,0
17,1886090,351324,1451627,99,95,8.01,881,0,1409583,0.77,0
20,487906,342597,113947,99,98,14.93,341,4,584268,0.23,0
9,3527786,357548,10910,62,86,16.14,287,0,632738,0.0,0
14,3516900,13052,607045,67,80,18.86,446,8,1032853,0.17,1
12,1384592,299416,484365,66,80,15.17,315,7,1477319,0.35,1
6,2345977,313294,752249,94,68,6.01,532,6,1427379,0.32,1
17,2311029,237276,794895,77,51,9.72,589,4,1192327,0.34,0
19,2426217,158388,144408,61,94,8.45,406,3,1118374,0.06,0
19,832731,148312,657729,84,81,17.94,283,6,776666,0.79,1
16,561756,369239,1467173,71,92,11.36,109,2,855594,2.61,1
12,2414826,340918,898728,88,83,13.81,507,7,1741982,0.37,0
12,3460802,315319,347238,50,50,19.15,606,4,1346515,0.1,1
20,2221363,26375,287551,86,70,12.07,976,4,1943074,0.13,0
6,717257,35710,848984,70,52,12.38,872,0,1043636,1.18,0
4,4790778,190967,1215587,50,76,29.99,280,9,1489492,0.25,1
6,1500457,264624,616591,53,93,21.44,507,7,1300541,0.41,1
11,4425933,156246,985080,81,56,30.7,813,6,1872518,0.22,0
1,1681257,379170,1307729,50,82,20.44,360,0,1766570,0.78,0
15,2251933,37597,1006156,62,58,32.28,348,3,1870960,0.45,0
11,3099359,346433,1467962,95,79,12.64,420,3,1817656,0.47,0
19,2986719,95687,596196,96,67,23.5,376,8,1000145,0.2,1
18,3761497,128968,124506,66,75,20.1,774,9,1926776,0.03,1
17,462199,50274,284513,61,69,32.56,518,1,1700264,0.62,0
19,3070524,213570,990602,56,87,17.55,853,3,708300,0.32,0
14,1337273,58634,962048,100,90,30.64,454,9,589244,0.72,1
18,4067293,302185,40733,52,80,21.92,138,2,477661,0.01,0
19,233734,357509,762129,99,57,26.26,66,9,1375150,3.26,1
15,413299,324130,655949,75,72,31.61,187,4,260018,1.59,1
15,2971034,297514,725959,80,99,34.91,367,6,1175086,0.24,0
4,342728,307391,871985,85,74,26.93,523,4,1309847,2.54,1
7,871253,396547,739270,75,96,14.44,558,4,517255,0.85,1
13,1753185,391688,1399155,52,50,13.97,315,3,1528108,0.8,1
3,1206152,216994,1097584,93,95,14.27,532,8,730927,0.91,1
16,893812,266480,523343,77,67,7.94,193,5,1006050,0.59,1
9,1917202,72982,591082,93,68,6.61,414,9,643476,0.31,1
8,3462331,337324,1127710,66,100,22.43,698,5,1781246,0.33,0
20,4193767,118534,1363610,87,91,29.32,549,5,1942998,0.33,0
13,4025091,175546,377403,96,55,6.08,622,5,1269600,0.09,0
17,852168,296788,1483296,79,66,22.0,322,0,1812911,1.74,1
17,3889638,48493,1495166,51,95,16.15,221,5,1531424,0.38,1
17,4686856,355968,1340124,57,94,31.77,552,3,1152849,0.29,0
1,1395055,319433,327367,63,57,9.36,175,1,586157,0.23,0
8,1408957,252217,1028512,86,91,21.9,916,5,1482717,0.73,0
19,1341766,163612,787069,84,58,34.13,33,0,664614,0.59,0
6,976644,307625,745512,91,86,15.35,39,0,413494,0.76,0
3,3563712,236577,1413906,88,76,27.25,775,4,1665282,0.4,0
5,724658,87097,277972,60,85,31.47,908,5,1242206,0.38,1
13,986918,294722,184616,64,55,10.59,476,1,1666869,0.19,0
15,203196,344192,484948,51,55,34.78,192,9,1483631,2.39,1
14,1749648,193951,626264,86,94,29.28,464,7,637948,0.36,0
16,3857919,151668,569385,92,53,9.13,942,3,487333,0.15,0
18,3878588,189022,637559,81,71,14.33,141,3,779633,0.16,0
11,2803680,367881,556490,89,89,23.75,516,9,821308,0.2,0
3,1670017,290831,1077280,62,76,31.55,203,4,615160,0.65,1
10,2867293,132540,1139987,92,86,10.85,839,9,1727884,0.4,1
10,2984787,177061,547929,66,51,26.94,599,3,1568151,0.18,0
16,1058811,302327,1348199,64,58,13.12,824,4,1121185,1.27,1
12,4264337,292902,209843,82,60,29.16,869,9,1374347,0.05,1
2,2864649,142154,808459,100,69,25.5,690,2,1781087,0.28,0
9,3836119,248013,1015967,65,92,20.69,68,7,826623,0.26,1
3,3257143,106368,305056,100,88,24.5,200,5,1033411,0.09,0
15,3756995,55891,506313,62,63,31.29,826,7,1145599,0.13,0
3,1867108,56901,370371,71,75,16.59,413,4,1882760,0.2,0
19,3053507,376056,485774,72,87,28.08,412,6,1496150,0.16,0
18,1981336,81062,202546,85,79,9.77,367,9,229060,0.1,1
8,824588,162635,128773,92,85,26.04,495,6,1131913,0.16,0
17,2354327,344152,109658,99,87,27.52,160,5,1248517,0.05,0
8,4270081,290118,566980,99,84,18.29,549,9,219264,0.13,0
7,1350127,163460,556497,59,55,28.81,671,3,1632083,0.41,1
7,2689913,90591,712923,66,52,21.71,603,5,250852,0.27,0
3,4117000,262990,843170,79,50,33.09,490,8,1153253,0.2,1
1,2878306,290759,1347962,62,67,8.37,773,3,1719412,0.47,1
4,2414904,32838,927445,79,72,8.92,792,5,893554,0.38,0
5,2550716,312872,924577,95,81,30.27,282,5,1199370,0.36,0
1,4687561,126249,107966,79,78,30.27,162,2,1543086,0.02,0
15,2019456,88000,693187,56,72,19.14,726,3,1261569,0.34,1
5,1464008,324942,177297,59,85,33.92,165,2,1458790,0.12,0
13,2968654,154608,692456,84,55,25.38,313,2,1320203,0.23,0
8,1582212,146772,705906,51,66,34.49,557,9,501771,0.45,1
8,1459112,179911,1439977,79,67,20.97,528,3,1674980,0.99,1
5,4076345,282392,330453,68,80,11.05,441,3,1028051,0.08,0
9,3380863,55291,610784,88,55,18.33,590,5,1609889,0.18,0
1,2433414,354773,685628,86,83,34.41,583,3,491386,0.28,0
4,1843063,225963,760397,52,93,16.11,436,5,1372876,0.41,0
3,204331,135612,110078,74,93,33.71,680,1,1449527,0.54,0
2,1765976,27177,1144818,83,76,28.91,932,3,467848,0.65,0
8,4176808,53815,443092,71,85,18.26,126,1,1058140,0.11,0
9,412854,310677,882479,87,97,21.26,337,7,1966094,2.14,1
2,4944353,272170,688839,63,91,23.22,78,8,1072921,0.14,1
14,1753416,114997,128863,88,74,24.97,277,6,1446030,0.07,0
14,3156156,70611,40478,51,59,7.3,979,5,139488,0.01,1
4,2481696,97242,159574,81,88,33.01,812,7,153172,0.06,0
6,1333243,196175,775128,92,95,22.91,444,3,1100307,0.58,0
11,204677,377057,1324114,52,88,32.93,550,9,1411892,6.47,1
3,404580,52082,1278342,90,61,23.96,185,1,1450526,3.16,1
8,330334,157330,664622,57,60,17.93,44,3,711803,2.01,1
3,4757885,113613,1053063,75,98,22.01,954,4,153826,0.22,0
14,2252109,370459,682701,81,92,29.89,23,8,1308192,0.3,1
13,2708963,361834,258432,60,52,14.78,22,4,1008858,0.1,1
13,2081934,105220,1157500,99,100,33.69,437,8,1175314,0.56,0
2,2896711,25389,1455362,50,71,18.98,381,8,536851,0.5,1
13,758745,101860,581556,64,53,33.69,925,7,1800076,0.77,1
19,766819,168757,1078181,53,57,31.42,388,4,1306318,1.41,1
6,3998043,31797,1248756,53,63,28.03,558,1,476428,0.31,0
16,394243,384119,864638,77,69,19.02,899,4,1208241,2.19,1
2,4651535,369313,977602,59,73,22.61,365,0,386832,0.21,0
8,3070741,255939,93375,60,63,30.14,750,7,1335488,0.03,1
17,817423,76332,1490499,99,77,21.32,916,1,1370551,1.82,1
2,790642,246655,704388,72,65,27.15,63,6,1002435,0.89,1
10,837031,234997,322904,96,81,28.72,743,1,782299,0.39,0
16,3065893,295840,1354559,52,96,20.39,583,4,152385,0.44,1
6,2203369,12024,527930,88,61,21.09,172,9,476882,0.24,1
2,1450844,147656,507866,88,65,10.94,221,6,619591,0.35,1
2,1116094,363142,1362481,66,68,12.34,340,5,1492021,1.22,1
13,4489361,168116,533910,71,54,32.15,483,4,1541935,0.12,1
15,1286985,267339,48423,76,61,30.21,30,5,1201415,0.04,0
2,446889,277429,759904,65,78,5.3,599,1,171337,1.7,1
7,1665088,279514,1096141,65,54,31.08,246,9,1306799,0.66,1
3,4384251,27903,787189,89,91,5.76,652,0,1497892,0.18,0
8,3312252,173571,938974,52,66,18.75,352,0,1072274,0.28,0
14,4475542,370048,6220,96,96,7.02,488,7,317477,0.0,0
7,1943227,295139,894840,82,57,34.06,34,2,1352521,0.46,0
7,2571693,377304,616139,91,89,34.17,76,2,517751,0.24,0
1,4369647,98377,710114,51,89,23.33,349,8,459965,0.16,1
17,786470,211474,127636,88,79,16.77,83,5,1977988,0.16,0
9,4174409,309966,500846,95,59,20.36,249,3,293695,0.12,0
13,3505141,379556,415721,97,69,27.87,30,3,1680980,0.12,0
19,377216,323366,598780,76,94,11.7,652,6,1889586,1.59,1
19,4849292,366232,281253,64,65,18.25,243,5,360914,0.06,0
17,2376512,362594,1445289,56,90,27.12,756,1,551308,0.61,0
10,3883460,119366,57326,94,65,16.86,656,8,1982523,0.01,0
10,2736015,382222,1058440,91,91,5.96,679,1,1162574,0.39,0
4,323662,73853,349706,58,52,20.22,759,7,654567,1.08,1
8,2018352,195715,1122886,90,72,27.12,561,3,1409055,0.56,0
20,3444571,395938,381598,55,71,34.3,525,9,1255946,0.11,1
20,3094558,163405,243415,61,77,6.11,541,0,951582,0.08,0
18,836438,62442,807449,79,95,21.2,73,0,1331744,0.97,0
14,1680175,240755,1443613,69,94,18.5,717,8,940387,0.86,1
18,2029484,19675,438701,69,85,12.27,738,3,543576,0.22,0
14,1867690,99590,1132133,95,53,24.13,786,0,1070389,0.61,0
20,4619425,380714,187460,76,87,9.91,176,2,1771381,0.04,0
15,2169036,303805,10372,69,73,13.52,660,2,1112829,0.0,0
4,4111451,74289,499900,56,68,28.45,589,6,1818841,0.12,1
13,2946153,27184,1148626,89,60,18.81,424,5,1900410,0.39,0
8,1304188,320107,333477,89,89,34.81,418,7,1947308,0.26,0
18,3909726,166894,278427,79,95,16.59,726,6,1269830,0.07,0
12,3983112,217537,1089433,57,89,18.9,948,0,642490,0.27,0
14,2506569,277411,1027945,51,95,14.01,953,2,824390,0.41,1
2,411463,193719,715030,63,88,12.09,422,8,1214597,1.74,1
18,1867788,334958,95856,59,67,32.67,919,3,992280,0.05,0
2,468602,308169,424477,99,61,27.46,607,2,1233511,0.91,0
11,2594820,131246,792539,67,63,15.0,108,4,1783083,0.31,0
9,862213,349749,222368,67,96,26.0,885,7,1315895,0.26,0
12,4936912,142053,821993,65,67,33.97,612,0,1286577,0.17,0
17,2391306,315580,207746,54,93,7.22,205,1,1193750,0.09,0
15,2873683,159544,1473400,80,91,12.94,857,6,1662894,0.51,1
17,4046703,160408,1479485,86,61,11.02,799,0,1308251,0.37,0
18,2707720,166659,780985,69,89,31.09,914,4,670255,0.29,0
6,3942849,349336,738360,72,76,10.38,98,9,482048,0.19,1
17,293476,247439,648431,81,55,14.24,164,7,1677801,2.21,1
18,314560,392735,1282405,91,73,21.32,660,5,1135310,4.08,1
8,1549987,356655,805064,66,100,23.63,33,2,1247543,0.52,0
9,3907957,19665,1096123,62,82,29.25,650,6,1646412,0.28,1
6,1069241,168169,274244,98,94,17.22,21,2,1751474,0.26,0
5,749656,363421,1358650,99,65,21.03,535,4,874490,1.81,1
12,3638856,62474,207977,62,99,33.96,775,6,1278536,0.06,0
11,3780885,213045,469092,66,61,13.92,85,1,1433790,0.12,0
1,3603209,85911,78944,64,80,12.44,265,9,1233839,0.02,0
11,2297953,102643,444056,75,86,26.32,621,3,466998,0.19,0
19,2927978,302628,615929,93,62,28.13,449,1,216813,0.21,0
9,3195785,269383,918965,77,57,17.44,709,6,615862,0.29,0
2,4180125,373309,491592,91,87,11.39,591,2,1522888,0.12,0
12,2026629,186682,1044733,94,52,28.37,251,8,908971,0.52,1
4,2595265,191879,1002220,79,69,25.11,455,5,1336727,0.39,0
4,291679,297979,269861,92,53,31.29,372,0,1935236,0.93,0
18,2978217,236351,1258515,84,93,30.33,707,9,1989098,0.42,1
15,1539083,106453,1259120,71,94,11.16,698,7,449124,0.82,1
19,3224628,63790,588310,59,51,29.97,402,6,689490,0.18,1
13,3903367,218032,184740,60,100,10.26,729,0,848884,0.05,0
19,4090702,281787,1100221,87,85,30.91,79,2,647487,0.27,0
17,4188395,347990,815982,82,72,28.11,945,2,1511910,0.19,0
6,2574151,23200,479367,55,94,22.1,489,2,1423171,0.19,0
16,377476,62275,921080,86,68,24.27,430,6,1228103,2.44,1
12,1399217,361145,565156,56,89,8.12,102,5,1947677,0.4,1
19,2875877,162363,1146615,93,57,6.2,93,1,1089914,0.4,0
5,2453962,314592,1226028,61,65,14.92,330,4,1866821,0.5,0
17,3149908,101685,1447520,56,92,29.64,473,5,779349,0.46,1
1,4213880,282763,1343520,51,67,18.97,45,1,446883,0.32,0
10,2131441,115454,1249557,50,85,11.7,445,0,1610317,0.59,0
15,465033,11766,178308,72,73,30.04,396,3,1780446,0.38,0
11,4928161,275693,570093,74,50,11.86,262,3,1090178,0.12,0
13,3552477,159765,1035790,67,50,29.46,854,3,1838697,0.29,0
5,4124845,266356,1161341,93,95,18.59,647,0,1898389,0.28,0
1,1335730,380082,1077264,56,85,18.9,342,2,1839749,0.81,0
12,1356649,399817,928567,100,60,13.18,199,6,1089233,0.68,1
11,3902085,320472,1333809,52,67,32.01,793,3,1426877,0.34,1
17,1042329,230172,449158,78,65,7.66,645,1,1266569,0.43,0
4,1393582,35301,968057,59,66,9.33,285,7,1101416,0.69,1
15,1088976,54763,557873,92,73,24.08,569,0,1758383,0.51,0
9,1791570,161837,989243,54,83,30.5,399,8,1916499,0.55,1
20,374588,316931,714364,83,53,7.86,96,4,1987747,1.91,1
19,3973618,392819,1298898,57,84,27.01,633,1,1379257,0.33,0
19,3785854,17425,250483,63,64,27.28,543,3,1474876,0.07,0
12,1730332,285001,2438,89,51,22.45,833,2,1236859,0.0,0
5,4519050,193843,355239,55,100,19.6,68,6,1180202,0.08,1
10,4939023,365143,416428,50,80,14.63,273,5,1383419,0.08,0
17,1233290,269561,465393,82,58,15.54,878,8,1021963,0.38,1
5,4825535,51457,1196631,89,59,25.23,399,3,432767,0.25,0
16,3646549,220813,800458,60,74,6.96,268,2,1854007,0.22,0
7,3358546,15452,1430888,99,100,22.55,91,6,1425618,0.43,0
9,681438,121153,973248,73,54,13.36,466,5,141001,1.43,1
3,4968424,311006,843445,59,63,19.0,525,4,1949766,0.17,0
15,2905430,202543,51039,93,91,21.77,728,9,1064742,0.02,0
16,1458542,290444,705191,72,97,31.57,272,6,1032625,0.48,0
18,1320780,11845,689963,65,87,22.37,889,4,1362850,0.52,1
14,2342936,129342,995262,86,89,11.81,318,8,1325918,0.42,1
3,4272091,311325,985217,65,51,7.38,753,3,328607,0.23,1
12,1504140,247366,884884,93,67,23.81,79,0,1864845,0.59,0
9,3993868,249004,1033687,80,78,21.35,376,9,1590707,0.26,1
7,1988702,204110,406321,55,69,25.15,176,4,1459713,0.2,1
9,3896724,258850,1279696,79,57,18.78,361,0,1908349,0.33,0
13,1791711,224362,329326,86,86,29.75,993,0,1183464,0.18,0
18,1828853,257688,576435,50,98,32.61,913,0,1389289,0.32,0
5,2258721,44404,776691,100,97,6.2,221,0,1634586,0.34,0
13,2160391,32564,570722,91,75,27.32,798,7,638181,0.26,0
4,4857448,107898,1075091,74,86,6.05,54,1,1234992,0.22,0
2,4276773,290371,1268946,95,98,18.35,786,8,1790702,0.3,0
16,4712121,105259,713757,70,53,18.85,554,6,1835648,0.15,1
9,2320100,134451,716775,84,82,25.89,475,2,129943,0.31,0
9,259072,27215,934464,87,71,15.57,936,8,1416026,3.61,1
6,3675432,140577,1420311,54,55,29.63,184,3,165461,0.39,0
11,4083337,268392,1272791,98,82,15.29,47,6,1635628,0.31,0
1,2363843,81074,490073,99,77,15.28,391,2,740809,0.21,0
4,2962594,118621,889515,61,73,11.68,882,4,1565899,0.3,1
13,4234941,189289,1482747,54,53,25.52,333,3,335254,0.35,1
13,4401390,116759,209637,58,51,7.3,584,5,503925,0.05,0
13,589962,138471,887708,93,62,15.89,303,8,1934831,1.5,1
2,4986445,293855,1367628,58,95,13.01,317,4,1770881,0.27,0
9,3677899,58398,1298284,84,98,11.88,494,0,770274,0.35,0
8,3623788,273430,1497488,50,60,6.83,616,4,1245287,0.41,1
7,1001680,175369,880480,96,84,10.71,988,4,492467,0.88,0
4,4331279,118304,1256324,59,88,18.39,368,8,390556,0.29,1
18,2059234,114959,247387,95,59,20.11,655,7,640439,0.12,0
3,1142529,249317,670207,88,92,13.09,464,4,1999698,0.59,1
6,4140008,167557,702551,85,59,24.51,226,4,1546801,0.17,0
12,1787138,332111,913457,86,57,15.07,436,1,1496502,0.51,0
12,2286172,369947,1470566,97,54,16.02,458,8,1460000,0.64,1
8,1565265,139745,651631,84,72,28.48,184,3,423962,0.42,0
1,4130131,64583,1166827,66,83,21.56,578,6,1864466,0.28,0
4,3442222,134077,683565,62,96,33.6,439,9,1093668,0.2,1
11,315981,121359,867595,55,81,15.78,390,5,1800303,2.75,1
3,4410608,37086,1238412,86,65,29.84,687,4,1794921,0.28,0
13,1522014,157556,904711,97,53,27.15,285,4,1670420,0.59,0
17,488569,209695,56795,81,77,31.71,298,6,1188476,0.12,0
10,924071,114132,1170305,60,97,33.7,501,1,604216,1.27,1
12,3456505,69263,687693,66,93,5.23,536,8,1177865,0.2,1
15,602641,159747,1293196,54,63,7.65,101,1,447287,2.15,1
10,3976764,392299,1084655,55,61,25.23,138,8,1474860,0.27,1
14,1715538,70664,1132801,59,70,16.71,793,3,1299508,0.66,1
13,3099675,392618,288715,82,97,29.57,656,9,367241,0.09,0
5,3599902,349112,1099695,79,65,5.36,957,9,520330,0.31,1
6,3599618,187198,270153,70,93,29.21,322,5,1339846,0.08,0
2,3604629,252730,1158786,91,51,9.06,234,0,506689,0.32,0
17,2392848,77804,1372549,66,72,13.71,47,4,1212210,0.57,1
4,2973219,310544,300374,76,78,34.07,800,5,1959839,0.1,0
14,1844173,300232,1159940,52,95,6.55,517,8,1301754,0.63,1
10,1169224,221087,1366769,78,92,15.47,556,8,962577,1.17,1
3,2967549,97893,1412482,51,58,7.54,538,8,1600889,0.48,1
3,4461725,278113,1433993,78,56,30.61,213,2,1481002,0.32,0
15,436436,18981,381610,98,78,26.09,611,3,261456,0.87,0
6,2414178,326235,643341,85,93,29.01,461,7,949186,0.27,0
17,274804,117154,1482107,83,66,20.82,853,7,1201139,5.39,1
12,3857390,296552,881450,86,58,15.73,55,1,1689323,0.23,0
20,3176877,165313,819227,91,55,5.07,277,7,393432,0.26,1
11,3989514,320084,638100,50,93,13.34,132,6,1316027,0.16,0
4,2172871,192177,301335,75,69,20.44,313,8,1353185,0.14,1
6,2140483,202122,185525,50,59,24.93,733,4,1796248,0.09,0
1,3111898,13657,1061029,53,58,11.87,33,1,175720,0.34,0
20,687335,293374,1169424,88,61,9.17,686,4,1816885,1.7,1
16,3709163,223766,1492117,63,82,11.05,930,1,1514135,0.4,0
15,3587951,94731,966994,95,81,15.62,616,4,1323986,0.27,0
17,1461402,183412,992300,67,83,9.45,159,8,135162,0.68,1
8,4075251,177022,574281,83,68,9.7,390,6,1444904,0.14,0
12,4040507,148939,1421500,50,82,6.31,446,6,1997670,0.35,1
10,1566851,219614,45706,71,97,30.7,116,0,1746243,0.03,0
15,2779082,14329,523324,65,65,11.59,716,8,1699669,0.19,1
9,2326028,308009,508197,71,99,29.66,507,5,1943439,0.22,0
2,3185032,208012,1222465,99,99,18.15,361,6,1793605,0.38,0
5,3277195,47869,575087,65,72,23.97,889,1,1363345,0.18,0
6,2526344,207977,643874,77,75,7.27,511,0,1539809,0.25,0
7,3657100,392329,60964,77,94,22.51,519,3,728906,0.02,0
1,2549465,93984,1495470,71,93,13.7,451,8,607472,0.59,1
7,1276837,397316,1250798,55,90,7.86,208,8,1701700,0.98,1
20,3299449,111069,359523,74,86,32.25,101,2,555609,0.11,0
12,3310999,258577,994727,91,58,23.11,831,0,1775326,0.3,0
16,1737746,361855,528089,51,79,12.25,199,1,1404930,0.3,0
16,1829040,338396,1482840,56,62,17.59,977,8,1939154,0.81,1
11,2611596,351530,826576,66,97,15.71,917,8,1626343,0.32,1
4,2439564,128728,665508,84,91,26.02,880,0,1179338,0.27,0
13,3863289,35801,1160940,69,65,23.22,986,8,472546,0.3,1
7,4388699,228359,869251,93,95,5.59,434,0,799330,0.2,0
4,3116596,245637,675221,51,51,10.93,124,9,1743840,0.22,1
15,4327436,100709,454933,56,80,19.34,400,3,1364957,0.11,0
19,2665933,325414,1202128,81,100,18.36,741,4,1459063,0.45,0
9,3662511,327679,18637,98,92,20.5,348,7,702092,0.01,0
11,584083,265560,624225,68,68,26.44,268,4,256862,1.07,1
8,731598,253738,1006425,61,60,25.46,91,4,1657149,1.38,1
1,2478845,217831,318316,58,63,16.18,692,3,1823881,0.13,0
8,866252,26220,1074013,76,96,31.33,152,8,745209,1.24,1
13,3250798,285536,1449941,63,74,6.89,259,7,1698055,0.45,1
4,2736047,292154,1456463,51,56,22.54,97,8,137426,0.53,1
8,3524353,136951,496221,70,64,33.49,589,6,566173,0.14,1
3,3454992,340502,23119,53,79,21.47,480,6,895754,0.01,0
9,4997663,158306,701477,100,80,18.65,144,4,1074117,0.14,0
2,896362,368334,1278965,70,73,9.02,30,9,646302,1.43,1
2,4661835,125795,1458071,97,74,29.31,487,0,1219467,0.31,0
13,3735443,394934,230882,71,57,16.21,426,5,306321,0.06,0
15,2132303,135223,1305733,98,79,26.04,960,9,1343970,0.61,1
12,2951821,85205,476113,51,85,10.93,46,5,1955843,0.16,0
4,626941,11082,1066777,66,99,6.26,226,9,463112,1.7,1
8,4073770,168566,1306212,68,63,14.16,241,3,465310,0.32,0
9,586354,347237,28634,89,78,13.44,331,1,190415,0.05,0
5,3140149,324096,404042,73,76,31.2,401,0,1062443,0.13,0
20,1135709,46719,1397541,69,99,30.94,781,2,230579,1.23,1
18,2685178,58737,505341,87,85,21.02,334,8,1420806,0.19,1
11,3453965,117271,307919,61,83,5.57,227,0,1313931,0.09,0
15,2285469,180608,1437266,74,70,11.85,640,4,1442580,0.63,0
9,3865632,191676,114090,72,87,24.17,315,9,1391905,0.03,1
17,3722348,77839,1055374,99,60,8.04,421,5,519838,0.28,1
12,1546365,320075,508377,83,82,26.02,454,8,354410,0.33,0
7,1336078,312069,459319,81,64,5.36,592,0,935703,0.34,0
10,686598,192075,1126327,100,61,25.48,141,4,1725300,1.64,1
10,4743758,97745,991006,73,73,30.34,770,0,1451396,0.21,0
13,733037,136298,182482,91,99,19.08,125,1,1463126,0.25,0
19,4031871,103709,1351608,74,86,29.87,810,1,1473829,0.34,0
11,784933,314431,1359767,52,60,28.45,55,4,1278962,1.73,1
13,413933,231798,371784,74,68,25.14,569,9,1047677,0.9,1
8,1201720,117252,364758,77,50,18.35,91,3,996493,0.3,0
8,2347914,182855,1094531,61,66,13.16,587,5,1389446,0.47,1
4,2885662,381467,1292041,75,89,30.83,186,4,1623583,0.45,0
15,627709,224838,689224,97,65,24.46,240,1,1546251,1.1,0
11,455539,230013,907730,93,75,28.94,95,8,187485,1.99,1
11,1950866,284947,1349985,57,92,21.56,741,9,1609296,0.69,1
1,3504513,190697,1092926,54,100,10.16,230,7,1314947,0.31,0
17,3977173,128819,1195026,60,92,34.38,247,8,1927667,0.3,1
15,2002272,365505,1297982,91,64,10.48,756,5,1374805,0.65,1
20,4376429,23698,1249463,84,57,32.34,472,4,1908629,0.29,0
6,3368097,25376,814356,76,79,11.24,785,4,1592873,0.24,0
15,2235030,285261,869025,90,63,16.21,506,1,1527351,0.39,0
9,2150852,246591,903922,93,82,18.2,687,3,567707,0.42,0
14,212120,58786,1055888,87,91,32.64,493,1,416572,4.98,1
18,824135,123005,1162320,68,56,31.65,894,1,1896726,1.41,1
17,4939052,228850,231745,97,67,29.7,680,7,1727741,0.05,1
18,2253902,338624,217522,81,61,16.3,849,3,1570179,0.1,0
5,4945920,172767,278336,95,51,5.13,810,3,1966092,0.06,0
20,2421186,325377,672810,77,99,25.45,936,6,925165,0.28,0
20,3521613,383166,1236873,85,78,17.33,990,3,463704,0.35,0
9,1034030,102529,98991,67,70,27.71,509,8,1310647,0.1,1
11,4586152,251496,1127287,59,56,28.85,395,8,472626,0.25,1
1,2551441,110919,665655,81,76,18.19,250,2,1403269,0.26,0
18,3124553,355677,1055350,67,61,27.44,931,5,1791105,0.34,1
6,2466598,208382,639395,61,69,30.2,721,6,757053,0.26,0
2,1976238,219870,424502,100,63,32.85,244,2,1802476,0.21,0
15,262784,79407,228552,57,59,22.47,494,3,265969,0.87,1
14,2659730,83809,596715,82,90,28.35,596,0,1185355,0.22,0
5,4638072,289373,87513,95,72,19.84,639,8,1004372,0.02,1
6,2195127,52176,1374734,87,79,6.25,99,6,625653,0.63,1
6,1941070,104825,751247,63,96,9.66,664,9,763747,0.39,1
18,1708834,107555,206924,51,80,8.85,705,6,302811,0.12,1
14,1235108,13145,841688,58,59,10.15,595,8,395062,0.68,1
10,4537739,107289,623031,93,68,5.31,229,5,760540,0.14,0
14,678365,148874,1238278,54,68,30.76,316,7,1703206,1.83,1
13,3114212,274407,246968,83,93,21.8,629,4,1267787,0.08,0
3,2274242,67788,838147,68,72,16.49,191,7,549462,0.37,0
6,3415400,149227,1056042,56,93,17.29,108,9,586438,0.31,1
8,1819110,141994,804069,88,90,18.9,893,0,938908,0.44,0
12,694209,213303,1441144,91,81,7.22,245,2,1067610,2.08,1
13,813398,161744,68745,66,69,13.24,162,3,1979657,0.08,0
11,1734230,179598,1182726,75,53,30.55,727,8,1792001,0.68,1
12,1963796,317488,944803,95,82,27.31,710,7,1978916,0.48,0
1,4990280,394963,527831,76,97,21.9,73,7,1307465,0.11,0
17,1051980,83352,1433510,92,50,19.42,215,1,1335160,1.36,1
16,1966299,312468,487843,77,62,12.77,748,6,700411,0.25,1
11,4667610,366219,1099628,69,52,19.14,508,2,921244,0.24,0
13,4220018,236710,1011987,55,61,22.94,864,5,400557,0.24,1
18,1862656,179770,596575,57,78,26.38,317,3,319546,0.32,0
11,2810366,349313,604730,81,80,10.0,449,5,1299631,0.22,0
12,1434599,295528,644838,68,90,29.39,556,3,1073530,0.45,0
6,760846,13512,476848,81,85,15.37,598,2,1565217,0.63,0
9,4523242,172572,14425,68,51,20.1,694,1,236082,0.0,0
16,1395307,133775,313625,73,71,23.24,519,3,153142,0.22,0
4,3071712,88743,77347,73,71,19.64,643,9,973997,0.03,1
3,4317143,357786,516066,66,90,22.16,860,1,144974,0.12,0
16,3177407,89858,1099106,67,80,8.35,225,6,706014,0.35,0
12,1055656,64800,1391819,61,94,17.96,937,0,542329,1.32,1
11,4860745,110364,1336608,90,63,13.41,899,0,552615,0.27,0
5,3766568,274531,682851,72,78,7.58,156,4,1115066,0.18,0
18,4879020,197232,1030605,97,84,10.75,427,6,995598,0.21,0
19,1992363,214639,949856,67,99,23.07,298,0,511175,0.48,0
6,838922,142871,327980,65,58,10.9,464,3,612923,0.39,0
18,977867,129095,168535,65,96,10.43,696,4,1122531,0.17,0
6,4260861,45548,610832,85,81,21.58,960,1,564506,0.14,0
4,3266461,100450,413437,72,76,32.14,290,6,617948,0.13,0
12,2702884,115669,502270,71,59,28.66,460,3,1150789,0.19,1
19,1902424,352315,1176921,88,74,32.15,247,7,281450,0.62,1
2,3501643,317558,597131,82,98,22.49,146,0,240927,0.17,0
17,4375252,83071,968817,73,94,17.3,289,9,1590071,0.22,1
11,1385560,122808,29251,69,82,26.89,839,0,1658427,0.02,0
11,1960968,88591,1488378,82,60,12.84,779,0,1678408,0.76,0
16,1146301,234213,971388,80,86,7.34,871,3,1956145,0.85,0
2,4527101,276441,839052,89,58,15.34,506,0,1643728,0.19,0
2,1067838,119513,989181,57,56,13.98,567,4,1481844,0.93,1
8,1257880,358623,1225526,59,56,25.27,174,5,1537081,0.97,1
13,3287714,108752,399185,50,83,21.54,676,6,401570,0.12,1
10,4519859,146080,1061738,70,68,9.15,956,7,1371034,0.23,1
8,3678192,227885,1310565,74,69,32.26,791,7,1475308,0.36,1
4,1771853,387625,1385387,81,99,22.8,918,1,498043,0.78,0
15,668224,157892,1439378,95,91,18.73,38,3,717357,2.15,1
1,3330576,163325,529325,95,74,33.12,444,6,1318554,0.16,0
11,3440216,77156,322670,59,54,7.92,955,8,269819,0.09,1
7,1507066,252960,1194341,100,97,28.69,77,8,1426458,0.79,1
17,985890,70263,878594,97,78,15.94,442,2,965507,0.89,0
20,4287954,391140,1107666,58,76,25.86,794,6,1421077,0.26,0
18,1122229,109252,919955,69,74,32.92,567,3,1370769,0.82,1
12,3038109,128632,1447754,97,86,20.53,742,8,1399722,0.48,1
9,2803441,346999,1018364,69,64,5.68,863,6,1885066,0.36,1
5,398017,26575,490167,89,97,5.87,679,5,1579847,1.23,1
10,3943757,284348,1400272,56,53,14.92,121,8,143779,0.36,1
4,3068921,21952,278588,60,63,28.45,95,6,279105,0.09,0
5,3203225,93323,302587,70,98,13.65,944,7,1994080,0.09,0
10,2529518,192214,431600,87,66,15.03,999,4,731479,0.17,0
11,4644623,174944,509090,96,70,28.53,599,3,628905,0.11,0
10,4428316,170448,359373,68,65,8.49,85,0,1069040,0.08,0
8,866775,207156,1423034,95,75,30.4,834,7,490470,1.64,1
2,3778478,152712,439378,64,58,12.97,753,5,404486,0.12,1
8,4902034,298581,698050,55,51,6.54,170,3,634975,0.14,0
16,654529,137129,1438241,59,92,8.52,921,2,1024300,2.2,1
5,2544218,359825,768112,95,64,33.58,805,4,808117,0.3,0
3,3061129,264522,1116584,65,84,18.54,456,3,683479,0.36,1
12,1311766,17903,846741,94,73,12.69,809,6,1188377,0.65,0
13,3621147,224776,43237,60,97,20.64,87,5,1076576,0.01,0
13,739203,36863,913399,84,100,25.47,254,2,1155323,1.24,0
10,1511629,315525,1318824,57,87,14.56,734,9,1391360,0.87,1
4,1100542,300692,1400986,77,63,26.76,764,0,632224,1.27,1
9,3411636,21467,559268,52,86,12.57,694,6,525509,0.16,1
2,4154780,330098,785345,51,86,8.37,990,4,182678,0.19,1
19,4428416,296045,1043637,63,55,21.49,117,0,1641375,0.24,0
1,3145759,295445,170632,78,67,9.53,28,0,1001561,0.05,0
7,494768,396830,1320274,96,71,33.21,946,5,1423817,2.67,1
17,3552921,243614,877481,52,67,5.01,523,3,1995840,0.25,0
3,261264,357324,500223,50,100,27.67,780,7,1589848,1.91,1
20,2659507,79903,1225635,64,51,13.38,509,1,156868,0.46,1
20,4837452,376099,1007802,69,81,30.38,446,3,1111189,0.21,0
3,3652097,29755,48167,71,66,6.8,246,7,1866072,0.01,0
3,3551191,331961,1296181,83,50,33.59,772,7,284417,0.36,1
17,1418284,274237,695788,99,58,8.04,606,4,114141,0.49,0
7,3280202,266094,1377958,82,62,28.64,36,2,1889826,0.42,0
14,3921993,368463,246150,58,85,20.52,582,3,1783997,0.06,0
17,2148058,295084,1065614,52,86,17.91,247,2,1346710,0.5,0
18,4888827,185112,1464011,51,79,13.4,725,1,885858,0.3,0
13,822207,138714,921775,53,80,30.24,811,3,1050462,1.12,1
20,842064,101544,1123067,65,72,10.99,257,8,167409,1.33,1
20,1065630,94437,1035592,82,99,26.64,400,5,763318,0.97,1
18,4525001,365113,961731,58,77,18.37,802,3,1356391,0.21,0
4,3146878,117001,883513,89,59,34.95,943,0,1614696,0.28,0
1,2185500,97725,547404,87,74,23.34,406,6,1156065,0.25,1
18,3172881,387928,1317394,67,85,8.13,688,1,1123676,0.42,0
1,1509989,120675,410685,65,75,17.59,273,5,1550138,0.27,0
13,368678,104266,267590,57,75,6.99,327,9,1012303,0.73,1
20,4826160,281380,124809,72,94,13.57,841,0,269446,0.03,0
20,4250501,344741,526251,85,62,15.3,333,6,1848989,0.12,0
10,1175924,225196,370425,52,66,30.6,320,3,841182,0.32,0
11,1003789,144974,682622,64,89,30.14,137,2,143235,0.68,0
9,370923,109656,11160,87,53,5.35,864,9,925860,0.03,0
9,500406,306508,365020,82,72,20.97,69,6,753952,0.73,0
5,717961,117071,7543,67,84,11.71,809,2,1143966,0.01,0
1,1235598,366554,893643,72,60,14.6,583,7,1599029,0.72,1
17,2711902,161168,999666,92,61,5.65,200,3,210665,0.37,0
2,3840377,153092,1196869,52,58,27.49,562,2,118796,0.31,0
13,363944,68473,396539,79,64,33.52,346,6,607927,1.09,1
9,2796105,251472,838537,94,94,11.58,522,6,361946,0.3,0
4,3222345,316297,1287489,66,86,15.25,515,8,1327214,0.4,1
5,2890543,182349,1386871,99,54,11.19,963,9,680064,0.48,1
11,3169852,310646,1377688,81,68,32.9,265,6,1607249,0.43,1
19,4956004,25675,850262,95,60,5.28,621,5,599478,0.17,0
3,1558454,128384,1187978,56,58,22.52,562,2,1527149,0.76,1
12,4071018,88229,1223801,88,84,31.12,121,3,1479416,0.3,0
19,1270804,99049,795043,63,99,10.59,249,7,1045685,0.63,1
19,2637220,193220,276016,64,76,22.7,407,5,1545163,0.1,1
13,2303627,361301,835887,93,62,6.52,950,8,1208011,0.36,1
7,3298350,230319,821362,61,61,29.44,628,7,1977028,0.25,1
15,4635686,115711,1111290,57,58,13.23,598,7,885926,0.24,1
7,3777643,120090,649194,65,91,34.66,723,9,1391737,0.17,1
8,4824341,365465,1006298,90,77,32.66,230,9,660407,0.21,1
5,2589911,211974,966220,83,62,26.98,668,6,867144,0.37,1
14,1926681,298609,1419442,95,69,19.91,449,9,167653,0.74,1
4,317408,304430,1048991,73,62,28.0,358,0,1875828,3.3,1
10,836431,64795,600729,78,76,8.92,203,4,1314022,0.72,0
20,3635504,380283,636024,65,75,14.31,75,6,1669681,0.17,0
15,999288,220255,595067,54,78,5.81,998,9,490862,0.6,1
18,1436541,113845,1016646,54,78,24.35,781,8,1181415,0.71,1
20,2236721,322130,104448,79,71,29.17,301,3,1391067,0.05,0
13,1840913,347540,272032,99,58,33.39,591,7,327507,0.15,0
8,517798,327322,1224947,99,73,25.6,147,0,696175,2.37,1
9,1451222,282889,1173366,54,91,26.96,736,3,1018210,0.81,0
16,690783,264232,193786,92,68,31.86,745,3,1164236,0.28,0
19,1307177,263730,1045358,62,87,33.09,658,1,1363496,0.8,0
16,986796,213426,1064511,84,80,19.74,527,2,1210899,1.08,0
7,4859014,351781,342775,98,88,8.29,603,2,1020302,0.07,0
14,3694585,239333,994233,74,64,18.99,235,8,256825,0.27,1
14,2192834,58566,525608,99,81,21.68,109,6,1713977,0.24,0
4,4323412,315866,308176,63,100,23.95,963,1,1590973,0.07,0
15,4119736,358767,602051,93,95,34.68,333,8,785082,0.15,0
3,4916302,383218,935411,95,97,32.53,252,7,1235567,0.19,0
5,2673055,84974,1348722,75,95,16.89,764,5,693135,0.5,1
1,1527877,356228,1486630,67,78,8.4,594,5,876835,0.97,1
3,4376852,180951,1311272,69,83,11.44,907,1,1833298,0.3,0
15,2887328,258595,544428,83,58,10.21,266,2,675314,0.19,0
8,2099955,389497,85591,56,84,15.68,461,5,1588993,0.04,0
4,2105888,114417,1032673,96,55,31.29,918,2,491493,0.49,0
2,4398811,340243,179809,59,86,18.14,154,6,599948,0.04,0
10,872225,189729,1260282,64,63,22.02,967,4,1983982,1.44,1
4,3710463,149570,358734,66,96,10.38,901,3,1896233,0.1,0
3,1640334,214739,1028232,60,99,19.79,977,7,768277,0.63,1
2,2324365,297251,484331,83,98,31.21,21,1,534793,0.21,0
17,3270610,169865,1443774,76,58,28.2,180,2,117955,0.44,0
20,3403178,325983,892566,70,68,7.44,159,9,1598157,0.26,1
13,597693,99241,344750,80,72,30.86,323,3,720135,0.58,0
5,3932238,33397,634198,99,90,13.21,479,9,708645,0.16,0
9,2172613,17704,841113,53,77,24.97,840,5,948231,0.39,1
6,2815880,288586,624351,90,65,9.39,733,4,739557,0.22,0
5,4024484,204860,63474,98,75,25.24,144,4,1265518,0.02,0
10,3358483,139576,684873,66,87,6.07,956,6,1908092,0.2,0
8,3535705,19765,374340,98,89,23.02,904,7,198904,0.11,0
7,1544091,387972,1100208,97,74,24.38,366,5,1092210,0.71,0
7,604470,20002,408625,69,84,12.33,613,2,1146477,0.68,0
6,4529394,269853,1058105,74,54,33.11,973,3,1026210,0.23,0
20,991624,283534,548442,89,56,6.38,343,0,687697,0.55,0
3,1801207,185508,1081458,72,72,31.75,426,4,1427913,0.6,0
19,1807245,268446,606776,64,74,16.46,488,9,1541133,0.34,1
15,3195035,255620,539989,82,50,26.42,183,7,753261,0.17,0
4,2509305,16641,206353,68,71,24.55,881,2,725077,0.08,0
12,3056188,121119,745231,64,53,10.05,259,9,566150,0.24,1
6,2743628,287768,905710,90,77,14.57,232,3,707654,0.33,0
19,684427,19966,707852,54,97,20.89,168,3,641301,1.03,1
4,2617714,230422,1051564,65,63,30.4,603,5,840662,0.4,1
15,4918740,175261,1084495,94,82,33.65,122,8,237610,0.22,1
9,4158905,81301,707527,97,53,5.62,202,9,722705,0.17,1
5,4991506,125123,9013,81,91,15.58,524,2,1723241,0.0,0
13,4283372,350327,1480905,71,60,25.04,715,3,229486,0.35,0
18,1309229,244624,658934,92,88,20.83,544,5,1196221,0.5,0
5,4093623,14959,1056414,81,81,33.29,399,5,1563659,0.26,1
16,4586897,322946,31368,62,53,5.51,763,6,1226646,0.01,1
19,2289884,134125,556516,87,50,18.13,681,0,1756400,0.24,0
14,4404099,395939,1295944,75,75,25.06,794,8,1446805,0.29,1
16,3580796,37215,1356817,66,82,11.53,43,1,1237847,0.38,0
15,1711546,65046,186845,54,66,26.78,720,3,1238076,0.11,0
4,1696030,243265,408039,98,76,7.44,152,2,745392,0.24,0
7,3049090,366737,678870,82,91,18.53,69,2,1202368,0.22,0
16,3512750,179741,129802,76,54,25.29,977,4,892165,0.04,0
8,211009,177198,266579,54,56,13.0,714,6,1634574,1.26,1
17,4572472,351180,57955,86,74,7.22,45,6,220306,0.01,0
16,1923480,382008,321651,56,57,33.71,669,6,1497453,0.17,1
10,3899397,130333,51033,97,83,32.41,30,2,1489321,0.01,0
10,2191367,26772,741449,67,90,32.79,827,8,750236,0.34,0
2,530328,61943,1036055,80,53,34.36,121,5,409462,1.95,1
9,4609013,341012,47219,55,61,10.54,30,9,1495814,0.01,1
17,2908668,321999,689837,51,80,9.73,131,7,1336774,0.24,1
11,1200294,163290,482996,62,60,6.03,625,0,356589,0.4,0
10,3398454,111124,198300,91,86,31.75,791,3,730613,0.06,0
17,1146984,329349,1457315,60,93,27.58,789,6,689875,1.27,1
4,2485362,146031,374770,75,85,24.0,992,8,1101768,0.15,0
16,3042894,224051,173277,70,94,32.83,186,2,441979,0.06,0
20,3650375,35874,917629,51,71,22.25,740,5,1759848,0.25,1
15,377265,141007,1028752,89,50,8.89,426,7,1105910,2.73,1
5,3426585,11301,853167,100,99,10.31,64,2,843110,0.25,0
6,3728329,330161,366540,69,53,8.97,861,5,1530103,0.1,0
17,3236773,53319,16375,66,85,14.23,736,8,300874,0.01,0
1,4584432,230688,133783,65,57,16.38,957,8,111300,0.03,1
19,1890792,227291,271326,91,74,28.91,378,5,560410,0.14,0
4,1831570,294599,989035,54,77,10.74,573,4,582504,0.54,1
17,2175556,145184,1482742,63,87,26.76,304,0,1006303,0.68,0
9,3690678,329177,1192568,73,85,19.74,419,2,1569925,0.32,0
2,4973598,199432,546432,100,85,34.99,470,2,833638,0.11,0
8,1860102,379068,120270,53,92,28.3,631,3,378203,0.06,0
15,2545170,42735,657925,97,90,34.07,463,4,424310,0.26,0
7,1711710,344925,1137485,73,95,15.27,407,7,900152,0.66,1
6,1967091,251207,1495734,96,53,8.69,375,8,1993238,0.76,1
1,1032230,398175,1026597,58,62,20.18,803,6,1634957,0.99,1
15,1016609,138305,1250208,52,87,8.73,444,9,307602,1.23,1
7,3835192,208713,295943,58,94,19.77,25,5,225077,0.08,0
17,4784470,118049,459993,67,74,13.1,573,2,1367189,0.1,0
2,4262316,277774,34510,85,52,19.73,915,8,1824330,0.01,1
9,3388741,75488,87919,68,81,33.49,460,9,1673499,0.03,1
9,4364133,144278,1161619,73,88,13.67,943,0,1225318,0.27,0
13,1855464,328433,732726,53,50,34.8,375,8,1212773,0.39,1
6,1606819,291097,422191,58,60,11.88,938,2,1539267,0.26,0
6,1078835,373076,315386,82,51,11.24,784,8,1455565,0.29,1
20,823578,151140,1095122,50,54,21.34,607,9,1695669,1.33,1
20,3477560,268946,480265,100,71,30.26,573,0,476432,0.14,0
3,3369870,88930,791329,84,95,27.49,882,7,1001294,0.23,0
17,2669485,196988,131235,59,62,26.71,287,5,1436352,0.05,0
17,3231946,273211,1281262,61,97,13.48,911,8,1011060,0.4,1
12,2579093,322802,314684,67,72,5.68,236,3,1536362,0.12,0
16,4702748,62165,476131,63,96,9.85,83,4,1553452,0.1,0
15,2960451,352925,244367,59,80,15.48,461,5,126877,0.08,0
13,4998064,150931,816462,59,84,34.15,710,8,1878231,0.16,1
1,897389,39164,1103889,67,87,32.59,560,5,210914,1.23,1
17,4655978,114946,29870,73,90,11.02,294,8,794284,0.01,0
3,3966176,221985,902997,50,84,26.77,489,1,1851089,0.23,0
15,4441244,399724,1173279,79,94,22.37,235,3,1863063,0.26,0
4,4373414,243442,1471274,64,62,6.5,884,2,1196936,0.34,1
4,4104840,371395,319399,57,56,16.15,832,3,1114712,0.08,0
18,4020730,30773,878839,84,54,19.58,585,0,1852033,0.22,0
17,3049310,43939,458146,67,78,25.03,897,1,386235,0.15,0
19,3048411,370619,1492292,90,57,13.85,611,3,786695,0.49,1
11,3544443,261442,943883,65,57,33.01,213,9,1876481,0.27,1
20,1256504,284962,285818,70,56,18.56,731,3,1871615,0.23,0
3,2644149,281479,1040210,64,68,12.46,32,4,587766,0.39,1
8,2414669,327152,302570,54,88,14.49,241,8,926199,0.13,1
14,2154702,81745,1098160,94,72,27.56,724,0,552800,0.51,0
1,4789079,184220,597539,56,85,24.21,415,7,230967,0.12,1
14,1299469,266445,69353,97,91,27.27,900,2,143518,0.05,0
2,4344111,275721,1131566,56,81,13.77,858,8,975600,0.26,1
4,2860038,83916,680050,76,94,14.81,771,7,317094,0.24,0
19,1387171,145148,295906,74,53,16.9,289,7,690153,0.21,1
6,3133361,69314,1429726,71,79,10.66,317,8,1160946,0.46,1
1,621655,313349,692859,97,100,25.73,630,3,769207,1.11,0
17,999717,123583,481204,62,91,14.88,751,4,590376,0.48,0
8,2682266,94715,1449462,66,88,14.79,863,6,1855761,0.54,1
19,1121806,246576,1266335,90,54,13.08,635,1,1611950,1.13,0
1,3607129,66680,1143716,93,52,18.58,451,6,269072,0.32,0
5,991043,38400,870506,62,71,28.16,908,2,745559,0.88,1
16,3501112,117345,1065591,75,77,30.07,427,5,1919513,0.3,0
6,1393728,208418,982630,58,71,29.14,84,5,1107445,0.71,1
8,1704329,97110,1098425,54,71,23.64,676,5,846233,0.64,1
13,1977850,130120,1425439,88,83,13.41,57,9,1338015,0.72,1
16,735888,300706,1064428,82,78,27.05,47,1,953648,1.45,1
3,4118446,28510,579649,53,92,6.18,308,8,1523378,0.14,1
19,2768921,71608,1422514,77,91,28.94,939,7,1195688,0.51,1
12,2402888,324326,676618,75,62,28.41,898,6,1831768,0.28,0
16,2059722,245699,959012,53,56,25.1,256,8,1796805,0.47,1
11,4324741,36883,1435493,65,59,7.94,145,3,1220978,0.33,0
10,2752192,212499,464944,86,77,34.92,403,1,1698343,0.17,0
20,335797,176916,1075986,71,53,27.69,345,3,1591077,3.2,1
4,2733573,239995,785334,85,81,27.04,104,9,1007184,0.29,1
12,1924620,21094,1251590,87,71,6.92,768,2,838405,0.65,0
2,2782229,22644,558212,84,69,16.96,265,1,208460,0.2,0
19,3312734,242380,899054,74,97,7.59,407,1,801588,0.27,0
5,558062,95834,857263,57,69,15.83,948,7,282263,1.54,1
8,3155251,381126,405480,66,55,22.11,906,4,104188,0.13,0
7,2277645,62748,290182,67,58,31.37,285,5,1184193,0.13,0
14,1601471,331165,235530,99,77,13.49,780,7,324395,0.15,0
3,4979897,72651,271280,61,62,23.7,823,6,234438,0.05,0
18,1916548,308951,1323933,82,80,9.94,224,6,1200639,0.69,1
16,4604003,38669,1257256,72,88,15.62,247,6,1751461,0.27,0
19,1218143,171233,1157122,61,99,33.42,259,6,1950960,0.95,1
19,4300321,298683,551719,60,63,27.43,92,7,774335,0.13,1
18,4358527,289889,1090866,62,71,21.37,690,0,1415003,0.25,0
20,2087145,180505,985043,84,86,12.55,407,2,1955653,0.47,0
16,2297711,243670,478751,76,94,16.39,397,0,1684604,0.21,0
8,237361,306699,130374,74,73,9.7,231,7,549502,0.55,1
1,3098845,304827,1091323,89,57,15.6,667,1,1247124,0.35,0
17,3663227,35741,724568,52,64,9.52,814,6,621398,0.2,1
12,2657856,163358,653420,98,100,28.86,695,5,1153704,0.25,0
11,1961856,13599,1383714,74,90,7.42,668,0,801875,0.71,0
5,2541102,138513,739435,94,55,10.68,190,5,305979,0.29,0
12,3771488,299437,670247,59,72,25.74,171,8,1628637,0.18,1
17,200037,287533,524339,66,74,32.08,696,2,155983,2.62,1
6,3817177,284462,1265219,52,80,33.94,828,6,1146641,0.33,1
1,4697868,275199,1301692,94,95,30.08,123,3,1723794,0.28,0
5,821531,131164,290635,71,78,11.34,241,0,810822,0.35,0
14,853668,92579,559168,87,72,13.57,301,6,716935,0.66,1
5,3604158,147392,1239613,63,59,31.12,407,0,895060,0.34,0
1,2856040,114817,373200,76,58,31.68,391,3,1093502,0.13,0
18,903645,14642,1095937,91,98,24.22,148,8,581470,1.21,1
16,1505927,19321,349829,69,62,14.41,423,4,531890,0.23,0
9,2821872,352112,1143417,97,81,11.72,239,6,552384,0.41,0
19,793975,229365,988660,67,98,30.57,192,6,458975,1.25,1
5,3065728,112770,515750,62,100,11.16,491,2,141753,0.17,0
2,4183063,163043,1286479,91,94,24.85,879,7,1767244,0.31,0
15,2482373,266054,651006,55,90,34.04,472,0,1928096,0.26,0
7,3040152,381906,106379,59,50,26.16,627,3,763028,0.03,0
4,2750552,124183,837160,86,50,12.73,521,9,1871426,0.3,1
1,1052224,127159,664051,78,86,13.48,71,3,1353990,0.63,0
13,2592735,297871,9756,55,89,7.79,113,1,1532801,0.0,0
20,1561968,83820,647958,88,67,25.59,595,5,1141122,0.41,1
7,3822546,119062,1112655,60,85,20.55,40,0,1559807,0.29,0
15,3806940,224273,946024,97,80,11.19,125,2,121420,0.25,0
14,3268929,37476,1222956,74,50,11.83,867,8,177899,0.37,1
19,3800200,152063,1154137,93,96,5.27,219,9,1868480,0.3,1
20,759031,226169,356580,93,85,34.35,863,5,1332465,0.47,0
18,2901243,130355,16533,79,58,29.84,371,1,1648356,0.01,0
10,2319228,80047,521970,69,71,16.83,300,8,1851454,0.23,1
9,4635728,151868,97417,86,77,33.38,982,1,1679738,0.02,0
8,406384,13881,1404038,65,75,25.31,301,6,689247,3.45,1
10,3727089,25668,722520,80,59,27.54,631,0,1507337,0.19,0
17,4335554,241789,1089005,78,96,25.4,868,4,1100293,0.25,0
2,4539242,175384,1493518,55,52,27.71,558,6,535569,0.33,1
6,3188088,38106,348492,78,51,10.13,264,2,504878,0.11,0
5,1179907,233830,859497,81,86,21.87,967,3,1555917,0.73,0
9,413968,287873,1462445,58,80,30.48,594,4,1725207,3.53,1
5,4782692,139354,879828,86,82,5.59,873,2,1954511,0.18,0
18,494957,80320,537942,72,81,8.7,905,5,1396451,1.09,1
20,2101737,327057,1443900,65,92,12.37,448,2,836594,0.69,0
9,2547855,331546,331627,67,61,13.84,973,7,1073908,0.13,1
17,1664458,131649,144444,68,52,10.48,57,6,554525,0.09,1
17,2502743,376074,430898,93,97,23.73,438,0,1425991,0.17,0
12,4788156,178354,891403,51,75,13.82,321,1,493592,0.19,0
7,1185461,179290,1077871,59,63,9.74,658,3,982048,0.91,1
3,2821021,69739,459329,61,61,32.17,90,4,470963,0.16,0
10,3555361,258765,1391285,95,75,25.85,918,9,1012127,0.39,1
2,2006423,276651,49574,67,65,12.38,665,3,1429045,0.02,0
3,2150408,187375,363211,68,57,15.83,784,3,574037,0.17,0
16,827915,112552,1244582,87,98,27.22,544,8,755564,1.5,1
2,3794128,89059,1078642,86,98,28.73,193,3,584072,0.28,0
10,1376957,165739,214221,76,77,10.29,994,3,1880800,0.16,0
6,1606427,145064,140017,97,56,33.1,109,3,1286702,0.09,0
11,3689550,247898,29418,63,64,28.56,387,1,679388,0.01,0
7,4095090,140514,1131183,94,90,30.7,820,7,1401582,0.28,0
15,2045786,359824,574162,83,85,9.32,226,3,1043629,0.28,0
6,2965013,35530,898590,51,57,9.3,81,4,643097,0.3,0
20,236382,251348,1458922,93,59,14.16,338,7,520656,6.17,1
9,1062219,25305,130538,82,64,6.94,843,3,1365541,0.12,0
20,1918303,119097,213699,68,67,7.73,570,4,866632,0.11,0
12,4252127,263805,1261041,76,95,9.3,79,4,1034558,0.3,1
19,1474856,228339,434610,97,86,26.37,124,5,950547,0.29,0
20,4001082,62044,504588,79,90,5.91,258,6,1725433,0.13,0
3,3546668,140436,573923,56,94,7.5,481,2,1544857,0.16,0
15,4129268,99363,257470,76,100,33.33,146,9,920927,0.06,0
2,2907260,330961,361981,70,92,7.51,102,2,1154552,0.12,0
2,3405677,113038,1261737,56,93,21.12,239,8,983122,0.37,1
3,2706068,56666,279548,97,84,24.28,427,0,644698,0.1,0
6,1835407,291053,1061732,74,51,33.76,965,9,222550,0.58,1
15,4292550,32525,448834,87,71,31.99,636,7,1536532,0.1,0
10,683075,122293,49999,67,64,18.22,948,9,1711696,0.07,1
9,4159770,111046,407001,82,86,33.26,991,2,1185158,0.1,0
1,1977310,47403,179431,82,88,17.97,605,4,1871175,0.09,0
16,527370,178265,484023,81,85,25.1,666,2,1995438,0.92,1
6,3128751,141605,1325414,74,54,12.79,449,9,566373,0.42,1
9,2364533,253626,953618,63,97,24.1,909,0,488288,0.4,0
4,1033142,162018,1236878,87,64,21.15,593,9,899976,1.2,1
2,4673214,295648,32799,87,76,23.2,532,4,1614758,0.01,0
4,4496720,120551,142228,53,65,25.48,98,7,936275,0.03,1
1,3882796,327859,302789,93,85,10.2,905,4,859730,0.08,0
19,1042653,169327,694298,67,87,14.04,84,3,599968,0.67,0
10,2036517,46855,450198,59,67,27.09,960,8,873480,0.22,1
15,551637,51721,339758,84,84,9.91,999,0,723425,0.62,0
19,377946,121597,1271262,84,74,15.33,202,4,1262479,3.36,1
16,1064899,182922,1181963,89,71,24.99,85,0,433474,1.11,0
4,463503,372803,1276915,72,80,33.13,854,5,1050253,2.75,1
2,2518292,306867,884801,74,86,7.26,887,9,1572972,0.35,1
13,2226393,176811,12420,50,83,20.5,227,8,1929712,0.01,1
1,3202083,270429,280456,67,72,7.46,73,1,1157929,0.09,0
17,4726226,15539,807827,64,65,16.37,240,3,316514,0.17,0
13,2579897,126360,302445,74,55,10.26,255,7,1194979,0.12,1
4,1494416,373284,1300561,81,64,24.48,908,2,551032,0.87,0
7,2185196,162383,46972,69,67,27.73,631,6,1695108,0.02,1
17,4118198,244315,1129429,66,87,12.42,978,6,970378,0.27,1
9,1760121,341324,644423,60,62,26.39,457,1,961797,0.37,0
4,643035,389129,82504,62,73,18.4,122,9,1643644,0.13,1
19,3299072,358125,809286,74,62,13.51,455,3,1535840,0.25,0
1,2235115,308078,1169949,69,50,20.7,713,0,1667026,0.52,0
10,889317,281619,332924,74,97,16.39,982,7,1328317,0.37,0
4,4752636,204202,1472721,91,85,11.9,440,9,1852870,0.31,1
9,951240,331721,368602,94,98,27.71,127,9,637334,0.39,1
13,4515596,268040,509652,98,67,28.93,543,8,543273,0.11,0
14,4484874,298152,1374340,80,97,29.01,462,0,515964,0.31,0
10,1195791,217940,831022,50,82,16.46,525,6,1457995,0.69,1
6,2420943,52756,596842,65,87,10.09,423,0,559935,0.25,0
16,3262138,211330,403837,97,92,30.21,362,0,1027915,0.12,0
6,1741121,90730,117781,77,55,14.88,617,8,1717468,0.07,1
17,2160299,92702,525261,70,66,27.44,819,9,1051360,0.24,1
10,3053501,191731,1288786,79,53,29.52,346,9,1182536,0.42,1
18,3027433,318984,845218,52,63,28.04,233,5,1003248,0.28,0
18,2659622,222584,1153495,83,79,16.69,575,0,1245590,0.43,0
3,2097459,310767,1085673,55,95,33.14,341,6,1022891,0.52,1
20,4440012,335447,121403,92,69,24.8,97,2,1725467,0.03,0
15,4149842,318206,549634,78,57,22.27,74,9,1996193,0.13,1
15,1415442,66690,629921,52,51,25.94,803,3,999144,0.45,1
4,4317095,218654,1138993,82,86,6.34,875,3,919531,0.26,0
9,2780309,108980,442369,60,53,16.72,90,7,469851,0.16,1
19,3515537,317410,1007886,94,59,31.44,87,0,936632,0.29,0
17,2791318,171080,1044900,54,69,9.83,199,7,233347,0.37,1
11,4447328,359787,891579,99,84,17.43,399,8,400149,0.2,1
9,1651469,68704,1178593,81,97,17.16,952,6,361564,0.71,0
10,3500874,252153,843487,96,59,15.68,705,0,1522443,0.24,0
18,4936416,389518,1190579,67,77,21.87,700,6,1941393,0.24,1
20,4263997,280526,609122,96,64,34.89,920,5,1592578,0.14,0
13,4912838,215134,939044,69,85,12.68,469,4,1864885,0.19,0
8,248926,361753,752936,88,50,26.15,280,4,1090688,3.02,1
7,3951387,56698,46904,98,71,27.74,466,0,1509526,0.01,0
17,2979060,273254,1100896,89,76,22.53,656,5,1676433,0.37,0
15,4757418,387410,1341720,77,78,7.92,150,3,207575,0.28,0
20,683791,141458,1143917,62,64,22.17,253,0,1516340,1.67,1
15,1870930,225192,782884,75,59,33.6,923,7,1174486,0.42,1
1,2358714,252282,789031,65,69,15.26,173,7,1628359,0.33,1
14,3648281,319945,1398356,74,71,24.19,349,3,1201746,0.38,0
5,2250181,386156,740079,59,99,33.78,656,6,754997,0.33,1
11,996266,368229,711525,78,97,28.94,885,2,1014331,0.71,1
16,2822280,212929,1238503,95,58,25.65,910,7,1218328,0.44,1
2,4425872,41566,1283425,87,100,34.13,631,6,1875363,0.29,0
8,861259,251300,524306,69,81,10.12,72,4,339641,0.61,1
11,810326,33798,131930,75,66,28.18,863,4,1409182,0.16,0
18,1445749,33027,1467784,81,91,17.21,487,8,393744,1.02,1
3,1156277,277775,1474372,88,68,15.81,659,5,1951323,1.28,1
1,2426941,230937,333060,87,89,20.62,432,5,190134,0.14,0
11,1618180,249628,583058,98,76,6.01,33,1,1566024,0.36,0
16,4896298,66878,1264099,73,100,14.38,515,4,1699289,0.26,0
18,274723,55206,1285423,80,86,9.99,536,3,297087,4.68,1
16,3218967,113473,823919,89,83,9.16,781,9,708562,0.26,0
10,3926904,68334,144015,61,96,15.12,387,2,573318,0.04,0
18,1733017,344467,496383,85,98,29.07,558,8,1143132,0.29,1
6,992515,63619,102342,59,59,11.03,656,6,1585291,0.1,1
19,1593196,113536,585745,55,79,20.94,471,3,1202592,0.37,1
4,1235211,165586,1329556,56,70,27.46,560,8,987069,1.08,1
13,2389568,163652,797826,80,70,12.23,534,8,1858171,0.33,1
14,4134740,269201,1382878,76,83,32.73,500,6,1598896,0.33,0
3,847122,226899,517912,57,58,30.99,433,4,255030,0.61,0
10,3982164,16734,386804,52,83,12.54,247,8,424965,0.1,1
6,1961331,224072,634887,89,99,34.69,156,6,1983001,0.32,0
1,2077329,311152,124221,96,61,25.08,788,8,1039159,0.06,1
14,3092970,321493,1297798,70,96,13.58,259,2,872693,0.42,0
8,515315,148886,1125894,50,70,25.43,810,8,515044,2.18,1
19,350594,148923,1380882,94,69,24.99,854,0,737784,3.94,1
14,920892,396622,1465232,99,55,23.19,691,4,990803,1.59,1
10,4263903,142672,1019530,64,99,26.35,491,1,281062,0.24,0
17,4579455,66614,994670,56,94,13.05,537,0,1729429,0.22,0
9,4159015,213474,314856,64,85,34.37,480,2,814553,0.08,0
6,2332942,275836,785072,74,61,30.74,324,6,277045,0.34,0
11,2872452,136745,1420298,52,90,27.37,674,2,1569754,0.49,0
7,2414979,199099,514021,79,80,5.79,973,9,334411,0.21,1
17,3605851,258843,834673,63,51,22.71,200,9,1880516,0.23,1
1,396211,292517,547521,53,65,26.19,49,8,1806145,1.38,1
5,2036082,239708,166083,85,50,30.62,991,2,295171,0.08,0
9,2437699,384557,794609,52,53,33.38,784,5,306192,0.33,0
18,4540496,24507,523099,54,96,32.48,59,1,766808,0.12,0
2,4658434,335075,1214176,74,50,17.18,206,7,1006168,0.26,0
11,2013065,85499,638794,80,96,31.9,338,9,1084999,0.32,1
6,4787281,212714,759106,60,84,5.02,835,4,100275,0.16,0
8,577332,213941,585639,57,62,15.54,246,1,1693872,1.01,1
4,284153,386506,878340,75,99,8.42,751,6,422819,3.09,1
18,1326018,369593,1498623,51,94,31.49,911,2,944734,1.13,1
11,4172162,368963,576115,77,91,32.84,343,4,1803156,0.14,0
5,4372060,311567,1465300,97,80,12.68,922,8,724433,0.34,0
15,1508064,113612,68772,59,69,16.02,962,0,623601,0.05,0
18,278947,96120,539899,99,56,34.52,62,1,308859,1.94,1
2,2153980,389553,153354,88,89,21.98,675,4,1169105,0.07,0
11,2738361,363062,827435,86,82,19.91,297,3,639919,0.3,0
13,4169411,76600,736725,88,77,20.01,338,0,803047,0.18,0
4,1168410,51848,142412,70,99,25.89,193,6,1244636,0.12,0
7,2610912,16820,358773,77,93,33.64,778,8,171211,0.14,0
11,2799087,280656,1397363,87,99,16.0,704,0,616085,0.5,0
4,4136642,177797,1419330,82,93,10.18,60,7,1553361,0.34,1
15,2667286,323678,1131611,60,69,10.55,428,8,673927,0.42,1
1,3567764,226223,804597,94,81,5.61,581,1,1920751,0.23,0
3,3811880,397335,1460052,93,58,21.66,342,0,1055677,0.38,0
14,894934,180848,1103091,50,83,32.87,199,5,418000,1.23,1
6,1240835,70945,109446,96,63,26.39,873,6,402177,0.09,0
18,2078292,255420,59789,82,53,34.79,178,1,1842301,0.03,0
1,4663786,355564,707262,52,78,32.29,56,4,1838644,0.15,0
6,342617,188527,32191,75,64,19.76,425,4,521806,0.09,0
6,1468962,355632,583776,64,66,19.6,558,6,426168,0.4,1
16,2301847,193505,1215692,90,68,23.85,395,0,1684853,0.53,0
5,1230120,281855,704960,63,87,8.33,917,9,1778903,0.57,1
17,1234780,200334,873889,72,58,23.23,275,7,1906590,0.71,1
10,3884334,96009,888908,57,76,18.92,297,4,789087,0.23,1
18,1664123,224857,504703,85,98,24.28,268,2,794758,0.3,0
7,1956608,19597,930340,69,64,21.96,712,8,400704,0.48,1
3,2767228,70067,538028,55,86,14.31,36,2,721761,0.19,0
13,949045,228592,211965,82,77,23.23,387,6,790691,0.22,0
15,1072109,58022,1493126,77,99,15.98,144,9,1050735,1.39,1
20,4234480,222996,1162493,99,53,10.84,331,6,1343915,0.27,0
19,587405,384817,947759,87,70,25.25,231,9,1945136,1.61,1
3,4761786,61782,549509,79,83,14.19,491,7,1696919,0.12,1
4,4958669,196085,63265,95,68,31.67,768,9,1111747,0.01,1
5,4736363,382860,525007,92,86,10.98,434,7,812719,0.11,0
1,1908175,390174,214514,66,53,23.0,519,3,128646,0.11,0
4,3587232,344180,132141,58,86,22.15,830,0,1641014,0.04,0
12,3301004,307486,579002,77,100,10.93,731,3,466535,0.18,0
10,3132208,95745,1121861,56,81,18.2,908,5,851480,0.36,1
20,2110155,244648,275079,95,94,25.27,200,9,327976,0.13,0
13,1908086,329540,905794,77,97,14.56,408,5,822509,0.47,0
14,4387442,124836,568323,66,61,8.41,661,5,757480,0.13,0
5,4012197,116998,388831,89,90,23.46,652,6,627679,0.1,0
4,4100838,60021,421153,97,65,11.72,206,0,1027662,0.1,0
14,881376,140672,280684,93,63,25.44,919,9,665987,0.32,1
10,1915872,390703,835134,93,50,30.18,758,0,254818,0.44,0
17,1156740,338980,1126859,54,81,8.7,693,6,1423765,0.97,1
10,2410846,230587,731401,54,70,18.13,982,3,1333801,0.3,1
7,4628760,218833,954411,63,53,18.35,643,5,1782426,0.21,0
16,2509231,87017,146293,55,58,23.98,487,5,1843960,0.06,0
1,4810764,251421,1365501,56,100,15.03,476,8,1611171,0.28,1
17,1704819,196894,531375,66,95,17.56,153,1,1206717,0.31,0
9,4695433,374833,1333509,58,71,5.36,717,3,1941137,0.28,1
6,2167582,90291,1497815,80,61,8.67,194,3,1348394,0.69,0
19,1040268,362594,426616,71,79,22.1,280,6,453842,0.41,1
13,3930864,176664,1226964,94,79,11.48,336,0,1127730,0.31,0
3,252635,66006,1493854,58,81,9.34,843,4,1617297,5.91,1
7,4415250,114268,115310,65,85,14.73,889,3,1711148,0.03,0
9,1183638,322282,147816,85,56,9.91,950,1,1196632,0.12,0
5,4175904,72398,469311,83,66,6.79,906,4,1249411,0.11,0
10,3463457,231163,186589,94,50,13.52,288,8,1814562,0.05,1
17,4386080,160946,98231,62,63,9.93,813,7,416783,0.02,1
12,2991671,329372,704225,68,96,28.98,489,8,1242605,0.24,1
16,2261892,334814,467153,61,93,6.88,243,6,514153,0.21,0
3,3631543,135613,732555,85,93,27.42,271,9,340037,0.2,0
9,4278140,112071,500642,59,87,16.48,83,6,1953671,0.12,1
15,3796219,120572,538182,65,75,25.26,994,1,196794,0.14,0
5,3665685,257766,1470952,77,76,6.58,926,2,306167,0.4,0
13,296748,148997,1363815,68,94,32.62,849,9,1847663,4.6,1
14,4109308,275251,553560,89,65,28.02,483,7,369449,0.13,0
20,1648598,96388,221120,55,95,9.2,962,1,1109013,0.13,0
15,1158395,105719,1082221,53,56,11.56,143,6,121940,0.93,1
16,1115767,128018,21179,79,81,24.32,601,5,1115962,0.02,0
13,501364,299761,534979,88,74,32.65,257,9,1867942,1.07,1
17,1527878,84258,653724,80,80,18.37,94,3,144146,0.43,0
8,3242244,322219,1308581,95,65,19.57,461,3,1665787,0.4,0
2,3569415,136998,1261294,76,90,12.13,519,2,1948665,0.35,0
5,2618126,294775,1280475,94,63,16.49,541,5,1406124,0.49,1
6,2309571,133120,307455,70,74,13.58,931,2,221415,0.13,0
12,3903713,203516,1406101,86,79,15.52,287,8,576250,0.36,1
18,3692804,369302,1218686,58,56,5.62,986,3,100699,0.33,1
1,581856,56221,811399,84,61,6.23,506,3,1221677,1.39,1
17,3843512,158269,552766,91,52,25.42,619,1,603912,0.14,0
11,3965444,378066,1497567,96,76,25.45,69,1,352715,0.38,0
10,963361,43550,988128,70,95,14.91,674,6,1155685,1.03,1
19,2908089,286786,302476,66,68,31.56,78,4,174323,0.1,0
14,4779097,116093,924570,73,92,12.98,473,2,1460885,0.19,0
10,4216899,271188,45900,80,86,16.87,849,5,518331,0.01,0
15,3508085,103885,221141,55,94,26.94,742,5,836534,0.06,0
19,4155199,89538,126861,84,91,27.31,91,0,165547,0.03,0
4,4198880,334158,565386,99,56,30.83,775,2,634423,0.13,0
2,3468896,291667,532582,86,98,5.87,770,4,1123282,0.15,0
9,1861127,382429,717940,62,65,10.51,209,6,1431563,0.39,1
10,4453459,211615,169173,74,81,24.22,581,3,1673525,0.04,0
11,4856630,115879,1204707,81,57,15.15,736,7,1129437,0.25,1
14,3054135,100629,827058,50,98,6.31,585,2,1792185,0.27,0
7,676377,348974,544991,98,62,22.59,841,5,1352565,0.81,0
15,598422,317682,890125,84,60,16.79,755,5,1341401,1.49,1
19,321937,319454,454633,68,69,15.92,175,8,109614,1.41,1
15,1333629,125266,714588,61,67,12.93,891,3,1613199,0.54,1
8,578355,198362,1476721,89,86,5.18,582,6,355197,2.55,1
11,2091369,284843,535916,89,55,10.47,772,9,166115,0.26,1
9,4193611,241241,627943,96,69,19.23,861,0,1370021,0.15,0
15,1548416,261249,1249737,92,81,13.27,692,0,475406,0.81,0
1,3315848,76912,268662,69,95,31.23,660,1,1513249,0.08,0
1,1875259,155327,169563,82,93,9.29,104,3,441150,0.09,0
19,1239474,89183,1187594,78,78,31.26,88,5,1426370,0.96,1
3,2159129,70282,463054,65,53,17.14,404,3,1367502,0.21,1
10,749391,68249,296455,63,56,13.28,392,5,375998,0.4,1
8,627479,48176,1174995,56,92,14.13,74,1,1085176,1.87,1
15,1560764,18163,230842,55,69,14.9,104,8,1481319,0.15,1
10,3371553,326354,235612,70,83,20.2,876,2,1072107,0.07,0
1,2794545,133844,243095,85,85,15.62,999,6,878869,0.09,0
18,3382999,376731,836765,71,56,24.42,960,0,321689,0.25,0
2,1325832,241352,706658,89,82,17.76,860,7,713505,0.53,0
19,3447727,344123,346336,68,64,25.15,611,3,1034094,0.1,0
13,3053502,88860,566099,74,81,23.13,751,4,144391,0.19,0
1,762834,162215,594360,52,71,12.33,955,6,705279,0.78,1
2,1040597,277064,639695,85,89,29.38,641,2,642526,0.61,0
16,1050122,92911,250440,94,78,28.97,784,8,621461,0.24,0
15,4841184,310140,1091550,83,74,34.67,336,8,1072234,0.23,0
13,2772703,366215,675216,60,54,10.25,183,7,269104,0.24,1
16,930559,57252,962334,97,63,30.44,634,0,1123285,1.03,0
17,721727,394878,1356543,91,99,31.16,644,1,1166620,1.88,0
7,2062015,62756,361007,96,84,24.26,271,1,878132,0.18,0
17,2650503,322379,886469,76,51,20.19,171,2,585909,0.33,0
7,1732713,362690,1265462,91,74,33.72,355,1,992284,0.73,0
13,3160356,397946,1115654,51,65,34.18,929,0,246784,0.35,0
5,4940616,221325,894199,55,95,24.25,387,4,1022483,0.18,0
17,2205464,380565,592239,95,65,15.79,782,5,596566,0.27,0
3,3076673,338779,895719,51,60,29.51,885,6,1353660,0.29,1
7,1482322,295369,143977,91,98,7.68,619,9,1247598,0.1,0
17,4805677,209245,1152267,66,84,13.72,990,6,1996340,0.24,0
7,4217641,379029,218171,89,72,34.57,119,1,1427361,0.05,0
1,1743912,95333,1251827,97,54,29.43,139,6,786071,0.72,1
17,3696425,181297,572723,63,84,33.19,404,1,1268169,0.15,0
17,1905692,282951,273390,59,78,22.84,322,1,999123,0.14,0
11,1208507,16402,264602,94,96,17.23,735,5,839877,0.22,0
3,826776,14521,1238155,82,54,34.39,168,5,405026,1.5,1
15,2918181,204237,1054604,91,52,14.28,220,7,1474872,0.36,1
11,1961987,260885,1283399,61,55,27.72,826,4,665068,0.65,1
16,1182099,386837,1167823,81,72,21.75,22,4,420727,0.99,1
9,3686082,18382,314045,98,95,11.86,419,9,935005,0.09,0
1,1750642,383140,231324,73,51,5.52,87,0,1700734,0.13,0
16,1991825,25065,661666,63,67,16.51,173,3,1761582,0.33,0
9,3310041,357614,892987,54,79,21.43,513,0,1839717,0.27,0
19,2694903,24425,499612,100,87,10.5,201,9,1596168,0.19,0
12,716031,285255,814110,54,54,17.44,544,4,514217,1.14,1
19,247367,181871,876876,96,95,23.46,208,7,1268328,3.54,1
9,1832748,63257,274507,81,98,26.45,39,0,1490321,0.15,0
7,564716,396134,63804,94,60,6.58,870,2,326280,0.11,0
14,2874691,202249,1163009,98,50,24.93,302,0,1804823,0.4,0
19,444697,399957,48544,82,59,6.7,917,5,209950,0.11,0
19,654623,353190,1048765,95,90,5.85,29,9,690568,1.6,1
2,1510646,309995,798184,53,93,9.57,719,0,189156,0.53,0
9,241340,18816,1300344,79,75,24.61,876,9,513036,5.39,1
13,1169738,12175,1056058,90,82,6.58,550,2,1694411,0.9,0
15,1092743,283485,803111,66,76,5.63,674,4,1992562,0.73,1
3,2214751,336052,909488,52,99,8.54,634,4,1916851,0.41,1
11,1613285,166726,483304,62,61,33.49,322,1,169600,0.3,0
14,3340283,69696,1008421,93,51,32.22,260,2,596746,0.3,0
8,2725525,198961,403150,97,50,7.59,171,8,675396,0.15,0
18,1530657,228216,1368278,85,50,14.12,803,0,1421438,0.89,0
19,1164211,355259,1369943,67,82,33.42,356,0,544070,1.18,1
16,1145161,302338,739980,72,71,7.93,207,1,1392492,0.65,0
2,2528767,94358,1352276,84,61,7.84,483,7,1152790,0.53,1
8,2907133,182648,403125,98,88,7.58,741,5,452741,0.14,0
6,3286810,374692,1140043,82,85,34.29,196,3,552716,0.35,0
12,4045979,160799,615692,100,70,27.29,919,6,1527909,0.15,0
15,2894991,44579,1092134,85,69,11.43,725,5,1749902,0.38,1
8,1997555,106554,1267441,66,85,6.38,196,8,465575,0.63,1
4,253010,157627,1469805,88,75,33.96,900,5,1661087,5.81,1
15,1107272,325438,103018,83,96,17.76,434,1,797386,0.09,0
20,4574984,59777,153947,61,80,22.95,597,2,1901609,0.03,0
17,2696282,50751,221325,54,50,13.38,329,8,1261000,0.08,1
13,4274411,210671,35607,97,87,27.75,21,6,345453,0.01,0
18,736364,118750,61684,89,63,10.9,336,5,753187,0.08,0
2,1103057,84180,1478073,76,75,28.61,802,4,634295,1.34,1
13,1950652,248986,537889,89,95,11.92,528,2,1388942,0.28,0
13,1823162,214750,787567,62,91,7.94,591,3,925737,0.43,0
15,4186464,303788,1058677,75,56,19.36,387,0,1045709,0.25,0
20,4464139,43521,1198279,63,61,29.4,574,4,743032,0.27,1
10,2819909,21564,727444,81,73,16.55,624,6,1722213,0.26,1
3,2933864,115155,1478662,60,68,5.87,245,1,1057903,0.5,1
19,863478,197150,704345,87,58,21.6,955,7,1901336,0.82,1
3,4339524,360891,420431,65,84,25.41,499,9,390091,0.1,1
14,1502970,283346,758175,71,53,27.22,817,5,1455995,0.5,1
8,2616207,381551,19215,96,94,17.06,82,9,1284611,0.01,0
4,1190993,144757,669384,65,91,7.91,299,2,1795520,0.56,1
20,1788049,100197,76949,62,81,22.53,959,1,671485,0.04,0
11,1159296,52637,868287,61,95,14.89,33,7,253752,0.75,1
11,2013948,159438,1002486,67,55,33.41,47,3,1339564,0.5,0
11,462530,34276,700843,78,77,20.08,161,6,321094,1.52,1
2,3831097,353090,892711,67,77,19.17,971,6,1507694,0.23,1
17,2242361,347358,752932,95,89,14.28,639,9,776606,0.34,1
9,417767,165647,1257805,51,100,15.16,821,8,949317,3.01,1
2,1309970,313374,1452303,51,78,20.38,609,9,486205,1.11,1
15,4070033,220496,646186,52,91,14.2,778,7,1020845,0.16,1
16,846004,396230,517291,78,54,31.77,492,7,1524177,0.61,1
4,387486,139526,419464,57,54,18.17,543,6,894179,1.08,1
8,1828782,164093,1333986,60,86,13.76,203,9,567200,0.73,1
9,3588284,307203,588843,61,90,9.66,336,4,1880412,0.16,0
5,1626360,11532,62995,81,77,25.17,380,8,1773730,0.04,0
16,1933391,112666,1263222,53,90,5.77,464,6,443276,0.65,1
13,566590,191877,463593,58,96,18.5,315,2,163409,0.82,0
7,294702,91551,1406831,73,58,21.5,423,5,785987,4.77,1
20,2402661,178828,1303375,98,78,15.19,771,2,1494307,0.54,0
17,4750056,81880,1434467,65,63,27.49,957,5,1367882,0.3,0
3,1362886,116734,1221381,66,87,25.27,282,7,1220525,0.9,1
5,4275341,386141,254494,96,89,34.14,866,8,971000,0.06,0
19,3129386,215714,1347905,71,83,20.26,396,1,1481990,0.43,0
12,4069108,324312,41745,56,86,21.13,604,5,1452316,0.01,0
7,4953214,123123,748777,59,98,12.38,87,2,130786,0.15,0
9,3463647,216260,709147,78,91,16.56,818,6,1667494,0.2,0
6,3217253,97897,866555,85,63,5.81,490,3,222887,0.27,0
17,1158101,176919,707395,73,67,25.68,857,4,707787,0.61,0
16,269519,114599,349948,95,82,14.35,751,9,1172575,1.3,1
3,1160655,351383,983488,63,83,21.21,991,5,771878,0.85,1
4,1396688,290786,969966,63,77,12.65,66,7,783767,0.69,1
10,2341924,379006,1479145,74,85,23.63,966,1,950735,0.63,0
5,2419583,258751,373199,95,94,18.43,77,3,391645,0.15,0
10,3179674,46509,991148,71,97,19.46,937,3,202424,0.31,0
12,2492056,351561,119097,99,86,33.28,43,5,397424,0.05,0
10,358988,321381,1096878,96,72,26.18,309,3,548473,3.06,1
13,2811895,156486,1464227,72,91,12.86,850,4,1439765,0.52,1
11,2227787,335320,582016,81,66,20.12,463,4,585571,0.26,0
16,4433384,138633,787670,75,60,19.0,422,7,1106271,0.18,1
8,4500546,352009,1260505,100,81,28.85,43,3,124432,0.28,0
8,1127281,127181,1192697,76,86,30.0,83,5,1073201,1.06,1
8,4561707,72059,581481,94,64,13.5,786,6,388889,0.13,0
13,4650696,321294,1377354,61,53,29.63,679,7,482864,0.3,1
2,4415272,360511,1345225,68,88,10.39,647,8,1407182,0.3,1
12,3580145,51091,1362061,68,79,27.88,629,9,1062421,0.38,1
10,3073382,214196,494285,83,59,12.46,258,7,1061836,0.16,1
12,3255450,10903,574662,81,72,13.94,302,3,1506552,0.18,0
11,1590179,251024,833430,78,73,30.57,461,3,862809,0.52,0
15,3971414,326379,994474,70,85,17.6,319,9,994466,0.25,1
16,946470,199637,1235349,84,54,34.72,112,4,608811,1.31,1
17,2132893,327486,175931,91,86,9.56,596,2,1001082,0.08,0
2,4547633,183795,1437923,54,92,18.9,394,1,1994032,0.32,0
18,1349164,45572,557466,61,68,26.97,705,1,1633813,0.41,1
12,1772762,289754,945079,56,86,5.16,329,8,334534,0.53,1
19,2118517,306196,1461121,90,57,9.56,907,7,1960202,0.69,1
18,3659544,108993,1499046,51,56,5.61,766,5,1083023,0.41,1
17,3030095,359207,1282738,74,89,34.79,186,8,484611,0.42,1
6,3629985,107540,369517,59,62,27.82,768,4,875951,0.1,0
15,1511414,63533,215101,87,86,16.21,26,9,668036,0.14,0
3,4385727,165136,218438,93,76,9.69,841,0,1270354,0.05,0
6,215588,396133,1148866,55,67,7.71,62,7,585237,5.33,1
3,3014268,268897,991166,76,73,20.96,807,2,1987004,0.33,0
1,657301,190653,1219716,84,90,34.28,359,8,726893,1.86,1
13,4062230,130388,1107527,59,51,25.24,172,0,231070,0.27,0
14,3410101,300846,1398349,58,65,15.95,62,2,669926,0.41,0
13,4217763,133482,1476963,69,63,20.03,744,0,294216,0.35,0
4,4925296,280775,663622,86,66,34.97,220,0,1491003,0.13,0
7,247361,264936,151857,84,55,20.56,914,5,127980,0.61,1
10,2439665,97388,343367,86,84,33.93,686,3,600116,0.14,0
7,4360244,134798,569931,89,66,5.49,751,9,1830947,0.13,1
15,4408981,80043,1247305,57,94,26.63,684,3,257158,0.28,0
15,4159978,170053,628292,95,87,23.81,567,4,1369117,0.15,0
4,2158970,307908,564288,80,89,25.56,245,2,1743362,0.26,0
6,1915979,242843,626880,98,55,22.12,853,1,622099,0.33,0
20,3623604,269859,490424,92,97,6.33,652,9,798638,0.14,1
5,2708894,139014,1049661,65,87,9.49,540,7,428537,0.39,1
20,2044348,123076,998931,77,98,32.67,358,6,1410125,0.49,0
12,959848,109007,884426,55,70,11.99,354,9,689446,0.92,1
1,1609277,207270,192811,81,84,34.79,200,3,718129,0.12,0
8,1792023,297084,729541,77,72,25.39,552,1,1003512,0.41,0
1,322366,379562,893546,60,61,18.33,965,8,226948,2.77,1
5,2493316,81792,1483388,91,78,32.6,291,7,1736500,0.59,0
6,992644,18367,856842,72,76,28.85,213,3,205075,0.86,1
3,1739152,383908,472519,79,55,17.87,557,4,861223,0.27,1
15,1023837,244673,707548,58,70,7.06,959,9,1857370,0.69,1
5,592776,280717,1337545,77,56,31.05,816,5,1296051,2.26,1
14,556440,25582,1261399,73,92,27.95,500,3,809969,2.27,1
18,1041618,146450,84269,77,90,28.72,117,1,1150996,0.08,0
16,1161743,337440,54895,73,65,27.35,449,4,1290866,0.05,0
6,4929124,154572,1446224,64,54,13.27,531,0,1058195,0.29,0
14,2507278,337985,236641,88,64,30.77,750,6,1885922,0.09,0
8,1235340,31881,399319,99,70,5.07,346,8,1571926,0.32,0
7,3562079,342377,784118,82,53,12.12,964,2,365277,0.22,0
8,3674412,192614,908478,96,54,6.4,930,5,947333,0.25,0
13,303021,75285,1378287,83,56,8.32,804,8,1771953,4.55,1
6,2211562,69547,324857,71,84,20.97,924,3,1213946,0.15,0
18,200209,203223,214241,78,85,6.12,992,5,1663245,1.07,1
2,422071,148294,582927,83,64,10.44,819,2,926935,1.38,1
8,4006627,17933,1414323,91,77,11.98,597,8,610036,0.35,1
11,3103561,355529,1043245,96,51,24.66,846,6,1797173,0.34,0
1,2658884,250839,78488,59,54,19.06,435,6,968103,0.03,1
6,3207446,108706,1403625,100,56,18.75,130,3,1199146,0.44,0
16,416194,356734,494614,94,71,28.05,231,5,300298,1.19,1
20,2654082,378543,265121,79,98,18.7,702,7,1248427,0.1,1
12,2685702,331289,902082,60,80,15.45,870,5,1455951,0.34,1
11,3797326,184682,1283677,83,81,33.87,897,5,444422,0.34,0
10,207399,329664,1365361,70,57,5.25,590,3,934366,6.58,1
3,2395814,14544,394484,62,90,14.16,49,7,1412282,0.16,1
13,3641489,326956,900897,74,91,23.28,286,9,825282,0.25,1
3,1234023,212682,1327476,70,60,28.48,995,7,904993,1.08,1
15,593545,192572,190984,50,50,29.49,906,8,1856898,0.32,1
16,500763,391234,670392,54,96,6.38,685,5,1050750,1.34,1
13,1255608,371198,1212511,71,89,26.27,369,1,313639,0.97,0
17,4049182,227054,687477,56,68,26.61,533,3,1401011,0.17,0
3,3645906,269711,938257,62,93,11.42,949,3,231335,0.26,0
20,1764458,110834,1331045,94,87,8.38,700,7,1892958,0.75,1
11,2121166,144405,1448813,72,91,27.49,233,4,1795555,0.68,0
19,1866984,50002,473937,70,86,12.49,270,3,1905982,0.25,0
11,4442154,265549,53096,55,56,5.05,562,7,1155222,0.01,1
16,1777586,228760,668431,69,88,11.71,338,2,1246015,0.38,0
3,4674220,384994,1037588,61,74,5.93,202,1,1749548,0.22,0
6,548249,140011,794473,89,71,12.48,904,3,1787381,1.45,1
14,4829199,178922,737411,58,76,15.05,208,0,453817,0.15,0
18,1186275,131548,502827,99,90,13.14,744,0,257084,0.42,0
17,4398880,41786,1088634,77,96,32.6,146,4,278650,0.25,0
4,1610124,308388,572551,60,87,11.98,823,0,1360407,0.36,0
15,2732000,215786,222574,81,97,19.03,315,3,1035893,0.08,0
11,1814340,77261,1153396,60,88,33.72,42,7,442033,0.64,1
3,3594020,290621,631933,73,64,31.38,941,7,152292,0.18,1
3,1672077,187605,699830,64,51,14.28,549,1,1174059,0.42,0
16,1010586,280640,489454,90,57,14.79,98,2,788257,0.48,0
5,1628931,130522,1338943,84,93,22.8,565,2,1299750,0.82,0
10,3914534,217080,820007,66,92,32.54,489,0,1886670,0.21,0
19,1799826,292868,963303,74,55,5.3,943,2,980506,0.54,0
4,3060597,302560,765064,98,69,16.79,638,7,1482105,0.25,0
19,1548483,45575,1332381,84,76,30.49,324,5,1242069,0.86,1
11,4510493,86614,230119,68,94,17.31,467,4,1531014,0.05,0
2,1358866,103566,424363,90,72,26.6,218,9,558766,0.31,1
10,1181598,262061,553402,80,97,25.76,210,8,1424527,0.47,1
11,4242974,214180,352195,66,89,11.16,251,6,1224341,0.08,1
20,1005896,137192,834175,99,66,18.49,593,5,1923929,0.83,1
16,1159540,29359,226941,72,62,21.99,573,4,1348672,0.2,1
19,2421132,211464,1436476,96,53,26.46,43,4,146062,0.59,0
11,3388027,234135,1376335,50,69,29.67,694,9,387426,0.41,1
14,941165,53634,1096153,59,91,27.8,480,8,985438,1.16,1
2,231541,127255,487800,57,74,5.85,202,9,1268105,2.11,1
5,675759,52864,372580,91,71,25.12,452,5,1262305,0.55,1
5,3044510,366626,527254,75,97,19.92,864,3,869104,0.17,0
19,4523492,47355,1424558,83,66,22.22,626,3,1949280,0.31,0
12,408150,47690,1491069,68,89,16.19,974,3,153283,3.65,1
18,2773338,172717,1283765,63,60,26.42,102,5,1726858,0.46,1
4,2058777,225886,1376850,57,74,25.22,112,0,549025,0.67,0
17,680620,213811,545702,100,54,22.38,297,8,1752768,0.8,1
10,4938748,66630,1013730,50,70,30.85,636,1,270332,0.21,0
20,1322207,189243,999564,97,75,8.06,104,1,1547291,0.76,0
6,1024341,31658,93005,74,65,14.03,592,4,446619,0.09,0
14,2890927,249204,412655,73,89,19.85,227,3,522533,0.14,0
11,3236124,287941,451436,96,70,33.76,689,2,1159754,0.14,0
11,2782977,330943,702145,69,97,7.16,600,4,1938947,0.25,0
18,4704103,390445,1347693,79,81,15.11,463,6,1006071,0.29,0
18,627557,239414,204390,54,53,32.78,793,9,1266602,0.33,1
11,2015599,324380,723556,52,87,31.94,872,1,1665188,0.36,0
12,3397514,16265,1293965,81,57,30.96,765,5,1788349,0.38,1
5,2365456,135611,1043774,66,58,14.25,389,3,196137,0.44,0
9,565750,213206,201926,91,94,30.41,670,1,583812,0.36,0
9,684103,393898,29400,54,66,20.16,811,0,1754106,0.04,0
10,2352259,168070,1195053,60,90,23.59,495,7,1873146,0.51,1
19,2819210,101426,1427960,87,62,12.16,523,4,520503,0.51,1
1,3590919,205078,52763,53,58,26.2,866,9,1517658,0.01,1
7,1905096,188417,1472001,88,55,14.83,250,1,876569,0.77,1
4,4655237,152957,1253246,68,76,15.32,897,7,462101,0.27,1
1,2579220,119681,672784,88,91,24.1,379,2,1862293,0.26,0
15,3719065,315970,893242,95,86,12.19,582,6,1288802,0.24,0
8,1984210,65597,109955,98,88,11.73,770,1,1468636,0.06,0
12,2663501,107375,1200204,72,92,16.07,38,6,1914885,0.45,1
18,1944919,257077,1403857,66,73,28.34,709,3,319673,0.72,1
15,1228719,289228,936834,62,58,11.74,228,9,997644,0.76,1
17,1786987,361591,736626,76,91,28.62,918,0,1662479,0.41,0
14,3019127,14383,658596,50,60,25.87,150,4,1371590,0.22,1
14,2132919,102313,724576,51,84,25.37,762,3,344945,0.34,1
18,2349151,306505,1462983,67,78,19.24,403,7,636322,0.62,1
20,2066161,90294,1158178,85,57,27.38,111,0,1309385,0.56,0
18,463356,71331,1263105,94,66,5.41,562,1,1018319,2.73,1
16,1327360,105057,362315,82,56,14.17,381,4,1345144,0.27,0
1,543288,161601,324437,85,61,25.37,780,9,1375480,0.6,1
11,2202507,199646,638412,51,97,34.62,143,9,357623,0.29,1
15,2852808,229699,246921,53,64,5.08,900,1,664023,0.09,0
12,4071907,393829,954192,65,78,20.3,962,0,674650,0.23,0
8,2978366,106917,1288900,53,94,32.72,667,5,1200862,0.43,1
20,4977376,303076,1402744,58,99,30.91,292,9,809967,0.28,1
6,2688489,274052,155194,98,99,5.69,374,3,444618,0.06,0
3,1610364,40412,225612,70,73,20.89,119,4,1642888,0.14,0
13,1558293,355854,399547,72,86,5.13,750,2,318857,0.26,0
13,2111128,263928,742462,51,63,28.69,635,9,1122026,0.35,1
2,3884796,222104,373555,52,60,14.27,320,5,205212,0.1,1
5,4956497,12928,42262,72,84,27.97,628,3,703284,0.01,0
17,3986065,337302,1025194,75,66,33.34,847,5,1226366,0.26,1
6,3903375,171704,1426934,96,76,34.28,901,4,374101,0.37,0
2,2625358,42309,106435,56,93,31.82,222,1,1906542,0.04,0
4,3943407,281424,1027604,85,52,11.12,40,3,1081684,0.26,0
11,4493900,50449,714952,93,51,10.84,217,1,894284,0.16,0
8,4117430,299101,689286,82,53,23.77,131,4,953232,0.17,0
12,3178602,177967,872719,98,67,21.32,168,2,1433923,0.27,0
8,2051579,342643,643606,85,69,5.29,400,5,1589470,0.31,1
11,874502,103057,392278,53,70,16.75,774,4,272925,0.45,1
20,2305777,239223,541816,72,63,32.2,973,1,1852298,0.23,0
8,3728597,382209,1048644,74,57,31.95,202,9,1158940,0.28,1
8,4803446,162767,855685,90,51,11.12,815,7,315296,0.18,0
17,2590514,84893,867186,75,75,16.46,356,5,783099,0.33,1
20,1371758,297320,353082,77,68,21.81,357,8,1735040,0.26,1
20,3890582,159481,1303511,77,91,30.58,990,2,804194,0.34,0
16,2326869,265536,376140,70,77,20.96,833,3,1906198,0.16,0
14,4051072,329111,1274336,59,78,34.05,319,7,1885038,0.31,1
11,1142639,10987,1109897,76,54,28.97,620,6,662592,0.97,1
7,1191993,208573,535814,100,92,33.59,241,7,1111999,0.45,0
16,1710902,246692,763871,100,77,26.94,779,8,1960822,0.45,0
13,2648966,368998,484780,64,90,31.33,428,7,1688921,0.18,0
15,3696610,36015,107535,66,97,29.93,986,7,1491229,0.03,1
16,2949580,384494,15063,88,75,12.62,708,5,904633,0.01,0
9,4496841,338548,1281418,84,54,11.89,137,1,1329566,0.28,0
3,2019201,126751,1133522,54,64,30.93,193,6,936156,0.56,1
19,1480280,191353,613206,65,95,7.54,238,3,1595407,0.41,0
20,3050310,58231,1072231,72,58,17.26,395,2,1063984,0.35,0
5,4215789,170104,143659,88,81,29.62,749,3,269160,0.03,0
10,791058,300449,552359,97,75,29.4,338,3,1107172,0.7,0
17,3927661,64306,1172017,58,86,9.16,608,2,1716156,0.3,0
15,1876373,229248,1407858,82,64,19.63,107,8,1535710,0.75,1
8,1479372,131139,1359871,84,90,19.39,927,2,1243429,0.92,1
15,4295228,28318,526491,89,53,14.71,97,1,1198478,0.12,0
14,648402,154318,1193283,99,85,32.52,460,0,577947,1.84,1
20,2649851,173674,1232219,73,69,24.59,220,0,1529864,0.47,0
7,481833,293728,1474491,73,76,34.41,595,4,1827674,3.06,1
12,1735834,257399,1402383,99,70,7.0,434,4,840834,0.81,0
17,2642547,25169,1440564,73,71,16.83,23,8,1871890,0.55,1
17,1436968,35968,1322933,68,56,30.05,969,3,1383092,0.92,1
10,3278882,214830,16944,88,96,17.68,102,4,1792588,0.01,0
19,1960027,394828,199741,74,80,12.86,724,5,1086028,0.1,0
14,1721093,125391,68947,80,66,34.93,512,9,1378806,0.04,1
11,2188022,297588,1214105,87,99,31.19,25,6,1708482,0.55,1
2,4630806,244856,35191,74,56,21.39,724,8,1872851,0.01,1
18,3252687,378225,247129,76,68,21.85,748,5,392909,0.08,0
7,222551,72497,1300343,81,77,5.21,366,0,1869665,5.84,1
12,3393796,15362,72264,60,59,34.43,553,7,277208,0.02,1
2,293608,371398,188996,54,76,29.19,676,1,1109193,0.64,0
20,2857001,149322,1475536,93,62,6.1,974,8,1112044,0.52,1
18,3479692,78354,1495216,82,51,10.29,816,6,649610,0.43,1
6,486539,46368,481633,68,71,29.63,470,6,1333761,0.99,1
10,1791620,54109,209409,92,69,7.61,164,9,1290927,0.12,1
20,2253790,198717,1474678,96,92,33.25,21,9,874788,0.65,0
15,3249307,37426,1410566,65,54,35.0,307,4,253088,0.43,1
5,4722781,389776,609251,84,55,31.59,937,7,1229191,0.13,1
20,2764113,122637,1409939,60,84,27.17,890,9,1435445,0.51,1
3,4894059,49023,137693,60,50,19.62,244,0,435663,0.03,0
5,3001818,394412,222621,59,84,7.47,973,2,1270413,0.07,0
8,4245721,165964,1098314,83,52,26.91,456,8,646425,0.26,1
8,2063032,381355,188766,54,85,16.91,233,0,898489,0.09,0
8,3289809,104897,1325250,72,56,22.11,962,7,1956289,0.4,1
12,2424344,157079,138426,74,78,13.8,919,5,991705,0.06,0
8,1578148,89777,889327,78,64,12.26,185,9,1563508,0.56,1
11,3244410,54858,219831,89,60,14.73,392,4,237606,0.07,0
14,4856480,230510,124750,62,67,29.41,672,5,159672,0.03,0
8,4262118,362186,958736,96,93,17.79,848,4,992856,0.22,0
10,438826,355242,1493871,81,53,14.35,526,8,994603,3.4,1
7,1917354,30239,1192198,83,73,17.99,595,1,1787534,0.62,0
17,950782,383095,1305967,61,60,5.97,352,9,1274042,1.37,1
4,4101407,51291,1398916,73,55,31.72,231,5,651253,0.34,1
13,681809,48805,1371105,89,100,21.55,308,3,313665,2.01,1
4,1434832,108831,851168,70,67,8.14,629,2,398613,0.59,0
5,2018182,159515,816700,78,64,13.65,185,4,969712,0.4,0
4,4567209,19290,1044332,100,52,34.51,145,1,1028762,0.23,0
18,593781,355778,505871,72,66,22.79,176,2,1782506,0.85,1
6,2206260,291216,659650,82,82,13.74,781,6,425724,0.3,0
2,3358562,315434,448250,57,83,17.79,592,0,308417,0.13,0
11,2889290,95186,1299503,91,79,12.75,51,1,365211,0.45,0
14,237180,287259,386794,62,68,5.95,926,2,1765138,1.63,1
5,833976,15149,799864,54,58,30.26,293,9,1182788,0.96,1
6,4143855,314136,58175,90,89,13.77,320,6,243289,0.01,0
10,2451347,289860,1081905,59,93,30.15,40,3,1928976,0.44,0
8,4992030,369868,1454120,63,80,19.36,543,7,1825807,0.29,1
14,2819893,23621,427463,73,76,10.49,775,7,1678043,0.15,0
3,3991860,270800,268821,60,96,29.06,634,0,562105,0.07,0
12,557054,385209,979314,95,74,16.31,295,4,1400716,1.76,1
16,2702656,302543,50357,52,56,26.23,26,0,909597,0.02,0
17,2081986,129374,1104388,78,97,30.12,878,6,1367628,0.53,1
1,1189924,315242,565904,97,56,33.89,474,3,811724,0.48,0
10,2165629,317655,454500,79,69,7.57,149,7,1547711,0.21,1
10,3028607,325387,1491533,98,93,5.25,318,7,155012,0.49,0
2,1303248,387275,1495270,86,98,21.45,116,8,705380,1.15,1
9,1834685,300894,185128,56,92,12.93,296,5,1620339,0.1,0
13,4463528,232682,484699,66,85,19.07,304,6,278674,0.11,0
16,1229922,327542,307678,69,68,7.18,819,6,1064166,0.25,1
18,434745,223614,210128,60,51,20.05,192,4,314762,0.48,1
19,3783650,258797,1202453,93,83,8.75,351,6,515510,0.32,0
12,3998570,316489,882412,74,66,30.16,224,8,178272,0.22,1
8,2563319,103430,806575,73,73,27.78,122,3,273734,0.31,0
17,2018222,124921,993332,51,58,7.22,644,1,1623906,0.49,0
15,3035148,101729,1156956,76,50,30.09,974,7,1490252,0.38,1
10,763506,61843,717833,68,91,14.75,379,6,1080162,0.94,1
15,715729,151294,147089,78,77,15.59,150,5,714974,0.21,0
15,3112044,141458,1089999,86,64,10.39,58,6,491477,0.35,1
7,2283805,336478,41713,60,70,30.06,326,2,1957306,0.02,0
13,3313192,339314,598598,68,64,17.14,903,5,1048060,0.18,0
17,554182,50878,788637,77,72,6.47,539,9,530627,1.42,1
9,2840955,210741,315410,88,51,33.99,897,6,845860,0.11,0
8,3768935,179421,667702,70,95,12.68,65,6,1402210,0.18,0
20,2698002,241343,718550,75,85,33.09,213,4,1686610,0.27,0
18,2242532,100352,676560,71,99,14.04,537,2,1641848,0.3,0
13,3116585,28383,138260,55,58,29.94,899,1,1393087,0.04,0
16,1774255,145973,1436953,60,51,24.93,589,6,1313076,0.81,1
9,3979404,315033,264952,63,51,30.84,188,3,646287,0.07,0
12,4683562,24633,275995,85,67,34.28,141,1,1249712,0.06,0
12,2969785,72244,474106,89,66,31.14,268,7,1868648,0.16,0
6,3714078,200091,1244576,90,90,17.11,226,1,916793,0.34,0
19,3915663,229184,523047,51,57,29.44,134,5,763848,0.13,1
7,3821609,355741,408274,92,83,26.35,258,3,1711245,0.11,0
3,2864119,186173,538908,69,83,6.85,585,8,1040858,0.19,1
16,1511147,185778,970259,71,54,32.89,95,4,772074,0.64,1
18,2297951,218156,587283,88,93,18.98,188,3,631065,0.26,0
16,1736201,25115,560969,53,78,9.03,67,7,1553833,0.32,1
7,1779889,85379,850941,78,77,17.76,755,2,1423862,0.48,0
4,738769,243553,476555,95,65,23.09,89,8,715684,0.65,1
8,487555,49979,67703,73,63,22.19,527,7,1645497,0.14,1
13,2000830,181713,723040,50,51,22.24,174,7,1073571,0.36,1
13,3975944,79377,304280,73,89,12.68,578,9,1796618,0.08,1
17,2944454,262858,1271028,79,53,23.98,480,4,366010,0.43,0
17,608177,16416,513795,61,90,32.22,392,0,768389,0.84,0
5,4908415,141666,1399176,68,80,16.66,810,9,269953,0.29,1
6,3397418,186128,83086,86,75,23.92,221,8,1782045,0.02,0
19,4971462,369651,1428249,89,76,12.32,673,1,1011801,0.29,0
13,3321192,128243,280398,92,100,6.45,336,0,1926050,0.08,0
14,2988647,113070,323417,53,83,22.57,470,5,199889,0.11,0
4,1770497,46126,117574,64,80,6.43,657,0,1937948,0.07,0
7,934158,90382,639135,69,97,26.71,863,9,1555897,0.68,1
8,2892205,232785,105547,93,60,25.11,684,9,352049,0.04,1
13,1005231,28228,537214,69,57,16.08,596,9,1112102,0.53,1
6,1622771,34009,754719,70,61,17.34,115,6,981012,0.47,1
6,3369283,272238,508237,59,84,32.53,939,6,1737420,0.15,0
3,2679129,90636,511500,79,94,5.39,712,0,998444,0.19,0
3,1055434,193293,1400247,73,83,21.9,515,9,1957797,1.33,1
13,508697,108453,369531,97,62,32.7,381,4,244290,0.73,0
2,3610960,64486,1338283,89,76,32.42,476,2,380030,0.37,0
16,3915799,362654,948192,89,57,22.54,197,1,1952137,0.24,0
6,4919707,203366,1012063,87,96,16.44,148,4,528596,0.21,0
8,272908,270243,1213778,52,70,7.97,509,4,298378,4.45,1
8,1841973,30860,787357,78,90,10.21,58,1,1226083,0.43,0
6,4765391,344956,1037711,57,60,25.39,477,5,1576521,0.22,1
14,4403726,338231,575883,78,71,5.5,831,6,229539,0.13,1
3,1042606,254856,1178825,59,70,31.5,892,0,765147,1.13,0
10,4071549,224135,540609,54,77,22.64,369,2,751948,0.13,0
3,650415,59607,1216396,60,52,6.35,664,3,402663,1.87,1
12,3899446,378808,1326871,53,56,12.19,910,1,1929349,0.34,0
17,4423138,219605,1124709,98,63,22.83,471,9,1021162,0.25,1
5,748723,28330,34187,84,64,6.07,399,4,1434081,0.05,0
20,3432940,392947,43835,99,58,28.4,128,3,974961,0.01,0
9,1828661,181150,1310779,89,92,32.6,603,1,559217,0.72,0
20,2733922,196404,1265365,61,56,33.84,227,0,217131,0.46,0
7,4973147,262134,1075811,70,61,27.01,596,7,1567600,0.22,1
4,285350,231437,618496,65,68,30.7,260,1,769234,2.17,1
13,4409020,315480,67114,63,76,23.32,610,3,1648432,0.02,0
13,1308837,18070,653479,70,67,18.76,107,9,1564739,0.5,1
10,1145032,11320,1432609,97,62,26.39,418,4,140284,1.25,1
18,3085579,361187,1080736,76,92,11.73,709,1,1929168,0.35,0
17,892019,311065,885443,85,50,8.29,281,9,814511,0.99,1
20,3844393,16589,919284,50,87,27.86,597,8,381576,0.24,1
20,1640352,365139,1045843,50,70,33.75,344,1,1480298,0.64,1
13,2109042,25589,1259846,71,83,22.32,390,5,1758923,0.6,1
17,2077330,46375,641137,64,62,19.48,954,6,1021706,0.31,1
4,1912460,53085,97052,69,94,21.03,124,5,1842828,0.05,0
1,755134,70840,652182,52,100,19.35,117,3,145205,0.86,1
1,4347036,184272,163233,63,90,18.27,506,0,632061,0.04,0
15,2520886,108704,437715,58,100,33.41,115,1,1952679,0.17,0
13,1248278,369191,687246,68,72,19.39,944,9,1419021,0.55,1
17,323182,40982,402016,89,50,7.43,491,9,752305,1.24,1
8,4442895,331864,49460,83,72,27.97,65,5,1909743,0.01,0
18,3643749,300658,1440144,53,77,16.75,909,7,1312277,0.4,1
13,284106,205961,70975,82,81,26.32,50,2,1202547,0.25,0
14,1850882,86034,919868,92,57,22.39,427,6,676230,0.5,0
8,2659150,370532,1217740,86,75,26.4,394,8,260071,0.46,1
8,2225216,54845,65781,51,63,6.86,401,3,1640957,0.03,0
15,364486,264259,270574,76,73,6.02,930,6,621509,0.74,1
13,1893696,382997,466935,94,97,16.36,735,6,588860,0.25,0
7,3031455,118417,562980,66,78,25.79,679,9,436332,0.19,1
5,4046556,123436,1078662,98,53,11.71,663,8,314096,0.27,1
17,935062,248198,229334,99,67,18.0,717,2,1907614,0.25,0
16,927468,293303,1193549,80,63,34.42,992,0,1493383,1.29,0
2,2264618,99788,266051,90,76,11.45,720,7,1167370,0.12,1
18,4486812,34003,229652,55,90,30.44,508,3,718192,0.05,0
17,3654707,115722,1077180,80,96,29.76,658,1,932968,0.29,0
7,3015845,307283,1086445,52,52,31.74,895,4,1088033,0.36,1
13,3196038,246444,669897,89,79,32.45,925,3,960602,0.21,0
18,3276511,324596,778845,52,85,20.22,828,0,1674697,0.24,0
14,2102453,32205,643549,82,72,25.46,328,6,395797,0.31,1
18,4254066,237131,1479163,62,67,23.57,618,3,1819255,0.35,0
13,4068707,66955,376783,70,95,14.27,986,7,365748,0.09,1
11,2998658,251235,430037,86,96,13.39,652,8,1809293,0.14,0
16,1624241,279608,387736,65,89,15.25,863,7,509473,0.24,1
17,1102810,223718,1316793,70,59,11.55,835,0,128932,1.19,1
8,4659118,213729,1032333,97,61,27.72,930,7,555952,0.22,0
19,3914528,281984,1240653,93,90,33.94,154,4,686007,0.32,0
20,4580268,312912,1328821,62,57,31.03,347,0,1738279,0.29,0
15,3895611,293071,424642,53,81,11.54,218,8,1212989,0.11,1
9,1246094,370766,619165,80,66,6.56,702,8,185141,0.5,0
20,3592389,25329,269457,58,90,27.71,279,6,730935,0.08,0
10,3616502,25791,59668,97,94,16.71,143,6,745913,0.02,0
12,954108,324771,354100,82,63,29.74,773,0,888028,0.37,0
20,932878,155444,726610,86,86,28.38,966,8,1600807,0.78,1
1,3419919,189541,639375,86,58,23.76,602,0,475819,0.19,0
20,1201622,381698,381595,73,75,12.66,401,6,1179309,0.32,1
9,3446319,140436,91634,74,97,8.12,526,8,208030,0.03,1
15,1836617,97073,959798,100,100,12.58,590,8,109757,0.52,0
1,3930536,259894,109119,90,73,20.29,128,4,1026646,0.03,0
12,2563304,306514,333935,78,72,34.38,60,5,1618434,0.13,1
3,2666704,61408,1392878,89,80,6.91,464,1,708700,0.52,0
11,2559792,363085,953487,100,88,11.0,817,1,1960925,0.37,0
2,561911,156306,1482101,99,93,23.82,910,9,1245630,2.64,1
16,1246251,148604,29715,96,51,14.13,165,8,289147,0.02,0
9,485356,307560,953919,85,99,30.76,817,0,825229,1.97,1
15,1724205,82439,218400,64,67,9.18,922,9,1050810,0.13,1
12,3203337,28242,1398980,94,65,33.89,583,4,1795715,0.44,0
1,1368694,191326,969085,67,78,32.37,195,6,280992,0.71,1
13,316481,351468,659012,69,60,31.63,298,9,1118664,2.08,1
14,4462563,307393,1277606,54,51,10.19,399,5,259373,0.29,0
8,3475654,372268,1455820,67,63,14.88,184,5,1859993,0.42,0
8,3874777,367193,144875,89,53,29.12,858,5,1068777,0.04,0
12,2313527,249647,268451,50,88,29.23,505,7,1449041,0.12,1
1,1410213,357222,1473117,68,83,26.16,783,6,705481,1.04,1
11,2399806,304438,320760,72,95,18.44,634,4,175462,0.13,0
8,4595102,200856,977987,75,88,14.35,584,9,1832903,0.21,1
10,2442019,201373,949078,98,58,33.89,786,1,427693,0.39,0
19,2262044,151503,644116,78,89,9.18,380,9,825603,0.28,0
11,512051,361771,460287,83,90,6.31,192,5,881914,0.9,1
7,2991004,100381,146004,68,56,5.27,782,9,1120298,0.05,1
11,3497334,362171,1457541,97,100,28.25,196,4,1501022,0.42,0
17,3768125,262641,1319447,67,66,6.7,68,3,761353,0.35,1
1,2841436,196444,186478,51,72,21.16,130,9,283088,0.07,1
8,1976025,342510,1452626,76,94,16.02,229,4,1639492,0.74,0
6,1354258,104176,151397,55,60,9.41,779,8,1638153,0.11,1
18,2642905,129667,514507,88,71,27.22,706,1,1311785,0.19,0
6,1190170,345014,900173,55,67,6.65,638,5,1480358,0.76,1
5,1933341,57387,516529,55,98,14.55,684,8,363248,0.27,1
13,1612210,193999,1181051,80,77,21.87,878,9,1970588,0.73,1
19,3363257,281448,1367691,90,65,17.07,174,4,663187,0.41,0
8,2874986,289176,773559,89,91,12.77,671,5,729220,0.27,0
9,3615814,101291,447246,79,53,32.78,682,9,1305604,0.12,1
17,2150256,385033,1143771,70,85,32.93,292,3,687062,0.53,0
3,3003528,69486,389288,90,71,17.48,575,4,1901123,0.13,0
19,3608168,75552,799428,93,60,16.81,602,7,475289,0.22,1
11,4454284,49244,1020868,67,70,14.22,656,0,1654950,0.23,0
17,1043214,60697,838917,72,89,30.67,683,0,730423,0.8,0
19,365301,398175,47830,87,90,22.04,474,9,444865,0.13,1
2,1302020,274837,1082946,72,65,7.69,880,3,1262877,0.83,1
8,497180,197823,844004,77,91,30.6,335,9,1202272,1.7,1
19,3605914,91098,472224,85,58,21.05,840,2,630716,0.13,0
7,4377927,16259,815530,74,84,17.47,751,4,443321,0.19,0
17,1867391,129746,716921,56,83,15.14,234,9,1814249,0.38,1
6,3429065,117772,1312916,67,58,7.98,349,7,601696,0.38,1
19,3659340,127928,1260224,69,62,33.7,163,0,628428,0.34,0
6,3418622,57419,720614,54,55,27.24,638,4,1625264,0.21,0
2,4840604,374236,1359982,67,53,8.95,373,4,1675656,0.28,0
6,787426,328249,1031824,91,95,20.34,300,1,711784,1.31,0
5,3630460,206979,1069119,89,77,21.67,341,4,1347206,0.29,0
19,3340380,168455,959841,82,60,10.04,325,7,1923294,0.29,1
20,1331614,33404,1220057,64,83,17.82,856,9,1600566,0.92,1
4,2256744,344800,594828,84,84,24.37,865,6,1572833,0.26,0
17,2666507,146774,1189611,96,54,13.52,498,1,1962097,0.45,0
11,1866561,110965,669156,95,88,14.95,955,5,1411323,0.36,0
4,976385,66332,565260,50,60,8.66,409,9,1876500,0.58,1
13,2104514,180491,72613,70,61,17.4,83,0,1680014,0.03,0
20,2497167,231648,619672,57,92,22.52,815,9,1786057,0.25,1
17,1276419,113182,1313981,56,68,8.5,284,9,1204624,1.03,1
9,1206840,383539,1327766,90,62,23.44,25,2,321510,1.1,1
4,1181489,374763,799829,99,53,16.93,932,5,865694,0.68,1
14,4343315,118269,877237,93,63,25.35,187,8,908778,0.2,1
19,4759512,345988,1019198,89,93,14.45,374,0,1230054,0.21,0
3,3472145,397127,287901,89,51,22.05,991,5,1336778,0.08,0
14,419356,44142,1035210,79,57,23.38,192,1,692599,2.47,1
8,3731024,119699,670659,87,71,25.72,869,8,851414,0.18,1
1,3195353,106226,255456,84,100,27.71,138,1,496855,0.08,0
10,1875255,279537,381003,51,62,9.09,958,2,1239278,0.2,0
18,684600,211011,770376,95,70,33.96,245,1,281662,1.13,0
16,1695318,210154,572618,57,70,30.31,193,3,226450,0.34,0
8,2108151,112281,1183494,87,77,21.87,978,3,1460311,0.56,0
1,3117167,19388,1229024,53,82,31.71,148,9,697624,0.39,1
12,3489363,72969,1089408,86,78,16.47,206,0,1007977,0.31,0
8,2557761,46660,151170,70,86,6.03,82,7,696399,0.06,1
16,846231,99244,629275,62,71,26.81,994,4,1192531,0.74,1
18,969822,89544,705322,58,75,33.3,912,7,194535,0.73,1
4,2986202,242625,1399392,94,60,9.86,293,5,1538976,0.47,0
6,4409229,204068,822317,78,60,24.32,617,1,1600801,0.19,0
12,4087875,125370,21157,90,94,29.4,229,6,1888764,0.01,0
9,1849379,27545,441588,73,83,32.15,212,9,1965257,0.24,1
15,2496482,143451,19674,65,68,13.3,769,8,1432297,0.01,1
16,2957867,236845,556645,61,97,8.86,551,6,478089,0.19,1
12,3446582,359490,274722,51,86,12.44,971,4,249000,0.08,0
14,2592001,182192,210121,68,63,22.33,201,3,1920529,0.08,0
13,2472133,289953,1479221,79,78,32.56,579,7,1309886,0.6,0
2,2516830,300111,440087,65,68,22.48,247,5,1193215,0.17,0
3,2425653,33424,680859,73,86,32.59,585,4,918433,0.28,0
10,1433387,236675,923925,62,70,28.1,633,6,1166775,0.64,1
9,250818,380555,707564,54,73,22.95,108,2,987012,2.82,1
20,2449119,219550,942095,72,75,5.65,163,8,1864596,0.38,1
8,2651603,190526,716300,87,90,14.99,679,3,429130,0.27,0
10,1697116,342213,1266019,80,61,6.72,761,3,885863,0.75,0
19,4512946,192997,143274,66,97,14.67,834,7,1896095,0.03,0
3,3106273,361263,494166,98,68,6.87,269,5,588167,0.16,0
5,395428,47049,386125,98,96,10.03,244,0,1119352,0.98,1
3,4094099,299965,519071,52,98,17.32,922,1,1131145,0.13,0
16,4795772,367941,222274,75,79,20.45,938,8,465354,0.05,1
17,4489991,171017,1198938,62,64,11.51,990,5,1135826,0.27,1
15,4007114,87734,823509,93,52,26.98,692,6,957816,0.21,0
3,4181048,235962,255672,87,98,22.71,187,8,1304397,0.06,0
12,3490633,369589,150468,71,62,25.75,129,2,1092330,0.04,0
9,1382618,13830,454064,70,58,26.98,792,4,576258,0.33,0
12,1871179,359084,738848,78,62,26.81,192,4,1618080,0.39,0
15,295494,206339,60530,94,65,33.09,530,9,1278747,0.2,1
2,3197439,168829,195346,95,100,12.12,898,6,1633946,0.06,0
18,3428409,73867,27122,88,63,13.1,316,1,828180,0.01,0
20,3214130,174838,815813,54,57,7.83,923,3,885750,0.25,0
12,4947492,304563,1225083,63,68,22.78,262,3,1455458,0.25,0
4,2311278,288812,1416334,67,81,16.86,228,7,187272,0.61,1
16,4088832,34996,678627,53,84,19.89,262,9,511776,0.17,1
16,4735751,323456,513888,82,72,10.09,273,2,831509,0.11,0
1,416651,144137,1025047,88,70,24.47,101,1,967902,2.46,1
2,1740856,282611,1241626,69,67,23.57,453,8,1832843,0.71,1
3,3654520,251452,662448,62,97,12.94,494,3,1490411,0.18,0
20,805502,162079,621642,85,63,18.96,562,8,1612165,0.77,1
17,2735244,209151,1438448,94,65,31.83,23,5,925533,0.53,0
20,1760155,300846,1036960,53,73,28.2,213,0,980316,0.59,0
1,4240114,104369,954093,84,98,11.81,75,2,548679,0.23,0
20,1811589,85569,1499703,57,81,31.37,280,6,279806,0.83,1
6,668163,326096,132508,89,60,7.02,612,8,1469756,0.2,1
15,1039812,44169,455070,98,94,17.42,585,7,1689538,0.44,0
14,970008,26829,979392,96,60,7.4,399,4,275963,1.01,1
20,4698907,14522,1421921,85,53,32.73,506,7,1958900,0.3,0
15,3200102,357831,813713,55,75,6.22,115,1,216106,0.25,0
14,4131926,392478,350161,71,95,9.54,880,2,302201,0.08,0
5,1244654,128576,1406725,55,54,32.45,355,7,1589034,1.13,1
6,2578772,389563,84403,91,85,22.46,788,8,482142,0.03,0
17,3676452,171545,1416743,85,82,28.86,735,9,1134180,0.39,1
11,3597559,279843,185024,58,63,5.49,742,7,305367,0.05,1
16,548737,78165,22766,65,81,17.57,348,3,1236134,0.04,0
12,3021562,85692,414429,88,56,34.53,515,5,842450,0.14,0
15,1649299,27441,1404611,95,59,22.39,848,4,578174,0.85,1
4,1712185,40716,848671,87,51,30.49,657,3,263366,0.5,0
18,2964630,72175,1202185,82,59,33.91,538,8,880585,0.41,1
3,381601,16834,396010,67,84,25.55,945,9,1471207,1.04,1
8,4462986,271609,1211972,61,70,14.83,144,2,1118111,0.27,0
3,3568737,28179,1105340,76,89,14.26,802,0,837588,0.31,0
8,2744544,298363,555146,96,91,7.14,639,6,282362,0.2,0
18,1495129,113153,1091426,50,57,17.83,279,9,118580,0.73,1
10,3699585,156854,930522,64,95,32.46,850,7,1901245,0.25,1
20,1614780,263975,1393737,96,67,19.34,601,2,493677,0.86,0
17,2228217,84967,837222,76,58,32.33,569,2,1390874,0.38,0
8,859297,374598,343264,65,90,29.51,706,5,214048,0.4,1
11,2764878,19496,796282,70,79,34.53,719,1,1922444,0.29,0
5,1362936,229939,746597,50,53,33.43,758,5,1271223,0.55,1
13,789306,180310,368903,78,84,26.19,789,4,497948,0.47,0
5,1645819,56025,502704,52,63,31.14,728,6,968997,0.31,1
13,4110920,270281,701335,61,63,27.44,27,8,686245,0.17,1
6,2433969,332030,1245158,77,97,26.1,582,8,515614,0.51,1
5,392803,275856,852128,88,86,26.47,392,0,1616916,2.17,1
9,1859848,366211,1276394,86,69,26.63,241,6,283492,0.69,1
16,3112035,317633,612114,80,78,16.38,899,2,800605,0.2,0
2,2653039,42664,1204534,80,72,17.71,550,3,587202,0.45,0
1,3496581,251871,753290,82,96,13.82,369,1,1967647,0.22,0
8,2175516,153492,663778,82,70,9.45,778,0,1861003,0.31,0
19,4728458,277459,531369,96,80,18.75,50,9,669422,0.11,0
11,4602140,347177,364860,89,81,32.0,611,2,699586,0.08,0
12,4527219,235648,665474,60,90,24.54,377,9,149967,0.15,1
12,4590985,127862,773205,95,56,6.69,41,8,1101329,0.17,1
7,1002491,89030,1329442,78,62,29.34,308,0,370184,1.33,1
13,977150,73910,349652,74,72,33.06,773,2,1357543,0.36,0
8,3517568,238360,1046374,62,57,29.88,233,4,749258,0.3,0
9,3227929,393219,1066561,100,61,26.83,731,2,661954,0.33,0
7,971469,231965,399104,93,85,9.5,184,3,1544996,0.41,0
15,2521991,328063,490899,68,65,15.47,159,3,1652158,0.19,1
2,1876099,222360,1430954,85,75,21.96,389,0,1182473,0.76,0
20,2290651,399297,239990,77,78,7.31,984,5,1981758,0.1,0
12,3915526,51598,870277,53,78,8.19,339,6,327684,0.22,1
1,974456,340350,909878,52,55,33.03,428,6,405159,0.93,1
8,3154233,347044,106747,87,86,26.08,457,5,642469,0.03,0
5,1093155,36296,22036,86,82,13.25,816,6,643156,0.02,0
15,727169,159138,256306,92,80,14.82,32,2,1761007,0.35,0
1,3981876,169964,740781,74,95,16.53,520,4,124107,0.19,0
1,2097465,85577,553634,90,90,7.25,45,6,641360,0.26,1
10,2463567,215662,375651,84,67,27.18,553,9,324647,0.15,1
10,4865770,87173,901105,78,87,10.31,880,4,1403103,0.19,0
15,2270569,74771,288835,90,96,29.15,95,9,408099,0.13,0
17,1516461,350009,1328706,78,80,30.38,385,1,1826751,0.88,0
6,347733,109074,696761,61,65,24.15,510,5,280020,2.0,1
3,4229251,167110,1122304,84,89,28.1,111,6,1800976,0.27,0
13,494977,46622,498021,69,100,10.16,860,1,652766,1.01,1
16,2924006,308030,1045618,66,86,22.28,906,9,974353,0.36,1
8,1319816,150973,1218135,61,63,25.3,285,7,1341807,0.92,1
15,2928338,328521,402628,99,88,24.85,579,4,1794651,0.14,0
17,2506456,92910,605787,85,53,8.52,518,7,259969,0.24,1
17,4171183,190934,885591,59,79,15.33,189,2,392172,0.21,0
13,4172369,391136,66553,67,82,14.75,365,1,392256,0.02,0
17,4750038,173878,993452,79,85,22.18,776,6,942005,0.21,0
6,3426250,158731,269856,57,79,27.96,247,4,598558,0.08,0
17,2670950,164525,277961,90,63,22.12,718,4,1266103,0.1,0
16,2966952,288456,709192,100,72,27.64,968,7,1462946,0.24,0
14,601176,273580,355760,62,97,7.97,699,8,1898688,0.59,1
13,1271038,299713,1448416,80,77,31.34,222,7,823421,1.14,1
6,1243423,126787,422342,55,56,21.1,465,9,398290,0.34,1
3,2052829,100485,604955,56,91,6.12,537,1,1635189,0.29,1
14,2717626,187058,714036,70,59,24.3,151,9,1012413,0.26,1
14,292889,374699,702175,87,53,20.52,264,6,358466,2.4,1
15,4483256,194249,758315,92,93,11.61,110,4,144568,0.17,0
8,917884,42646,744271,98,87,27.93,842,6,567995,0.81,0
15,4809635,86126,635318,100,62,33.01,145,2,456960,0.13,0
13,2998945,127922,641673,77,70,14.68,491,3,845558,0.21,0
17,4615880,265217,163597,93,82,19.82,984,6,1397433,0.04,0
3,3302923,312574,29030,70,89,8.85,261,1,1867543,0.01,0
6,2795301,394382,1092643,70,77,32.89,521,1,1374568,0.39,0
5,1065796,78659,508961,73,72,14.56,780,0,566276,0.48,0
17,3153661,125341,922711,76,81,10.84,406,0,1490944,0.29,0
2,2599940,14158,862865,76,97,19.35,26,0,638638,0.33,0
15,3337877,84236,813071,62,54,6.3,107,5,466896,0.24,1
5,4648388,86067,396008,99,75,12.59,617,4,1706909,0.09,0
20,329466,168810,487976,78,88,7.03,927,9,565518,1.48,1
6,2311740,19879,19198,88,75,8.82,886,7,862375,0.01,0
6,4181576,146615,701565,77,52,8.36,164,4,1531478,0.17,0
18,3507657,122284,1131527,86,73,31.17,470,0,1532404,0.32,0
18,1794575,188996,70511,78,83,32.91,350,7,229663,0.04,0
4,1932329,356261,1332051,97,83,19.24,729,5,107353,0.69,0
17,2057084,220190,279037,71,69,23.91,894,7,108578,0.14,1
14,1594994,53888,195985,85,79,25.88,183,1,1221779,0.12,0
14,4714057,302420,18243,79,91,16.74,676,9,1148589,0.0,1
13,4030405,14799,680849,77,69,16.11,361,7,942981,0.17,1
7,1746557,234842,341358,72,90,25.27,20,5,1300218,0.2,0
12,3285689,384673,886801,82,67,16.3,139,0,1266739,0.27,0
15,4449790,396857,1264534,53,87,22.43,598,0,1356952,0.28,0
19,3400890,100141,1324066,52,69,20.46,483,9,411299,0.39,1
11,229882,387157,703365,81,55,20.73,886,4,455325,3.06,1
15,2875518,303812,226073,53,91,29.88,481,6,1312055,0.08,0
12,3142318,145183,1044221,50,74,26.12,68,3,1282938,0.33,1
3,1487256,213623,646868,61,90,33.82,838,9,1914091,0.43,1
17,4569202,344536,337468,62,90,28.73,346,4,227771,0.07,0
3,1598705,26490,687703,83,52,9.37,493,9,685570,0.43,1
19,756831,260138,243470,78,93,27.15,907,2,1013623,0.32,0
20,848567,127219,1413466,58,92,24.97,958,1,1129278,1.67,1
4,4797577,54104,1123359,80,95,24.38,387,1,1582490,0.23,0
3,3588449,15316,439179,56,68,19.42,306,4,158946,0.12,0
16,1029347,48130,691332,62,59,6.87,43,3,1883517,0.67,1
12,889517,379438,279103,51,100,33.54,742,1,801119,0.31,0
8,573519,302098,508102,82,54,30.56,312,4,825722,0.89,1
17,3242398,385581,1400063,99,71,19.6,468,9,336916,0.43,1
7,2230888,155250,165205,56,58,9.76,82,8,859824,0.07,1
11,1237904,192235,220826,67,82,29.73,587,7,1480229,0.18,1
18,4569246,73165,1099726,100,64,17.92,477,8,1437838,0.24,0
1,3410557,206511,283878,57,73,16.7,549,8,1436938,0.08,1
3,3067042,245605,151074,61,79,24.96,893,7,388209,0.05,1
4,1783452,76775,386582,92,85,27.76,980,8,1499227,0.22,1
13,1091712,357455,622041,79,88,6.89,432,3,1670530,0.57,0
6,2243419,63149,1273116,58,55,28.03,608,7,407162,0.57,1
14,472743,344705,514497,77,64,27.02,279,1,1573290,1.09,1
5,534738,100710,371007,53,87,22.68,652,8,1146693,0.69,1
16,4678597,102199,686235,88,88,15.15,927,8,1638404,0.15,0
15,3487008,175024,156118,66,71,9.94,203,2,1335177,0.04,0
15,397170,37326,154736,60,52,8.08,67,5,774977,0.39,1
4,4574296,389416,417669,51,78,5.04,166,6,982862,0.09,1
8,4965358,41139,529034,72,78,11.19,813,2,290111,0.11,0
16,4189174,203175,1269157,99,80,17.34,895,4,510986,0.3,0
16,2774584,201929,648053,71,94,12.31,825,0,828439,0.23,0
4,2908562,345782,406433,75,51,14.27,611,2,1595736,0.14,0
13,2765513,344796,325328,61,84,16.71,767,7,1035085,0.12,1
13,3428939,22937,88898,81,94,14.25,428,2,1560461,0.03,0
2,3767008,268006,828267,58,58,26.74,459,7,1491778,0.22,1
3,647095,302305,795565,92,71,19.75,477,8,584315,1.23,1
8,3472262,358000,922908,54,68,5.58,248,5,211605,0.27,0
15,2685500,342187,164411,75,99,11.8,303,6,1521205,0.06,0
11,3781884,155807,1339445,56,86,26.29,592,5,643631,0.35,0
9,2901433,69919,729692,78,59,14.03,751,7,412557,0.25,0
7,1185979,354199,1487172,82,95,32.6,364,6,1654025,1.25,1
13,1035358,357599,1489865,73,70,26.38,620,9,1276181,1.44,1
2,1679995,310279,1240521,74,66,13.7,966,0,1141639,0.74,0
8,1992837,176730,217972,80,52,20.49,927,2,600299,0.11,0
7,2171472,356821,127240,78,56,25.02,283,2,380068,0.06,0
12,4598884,301840,1220989,54,90,10.8,759,2,1860985,0.27,0
19,4968977,144845,263380,87,86,12.39,397,3,1518009,0.05,0
7,1279229,34956,854348,94,85,20.21,122,0,1373676,0.67,0
10,1340441,287963,891913,60,52,32.75,973,1,950839,0.67,1
16,3823664,273672,128357,81,62,15.32,619,4,342923,0.03,0
3,1394447,399925,1325258,57,90,17.06,42,5,394210,0.95,1
10,1787916,96491,1453763,69,79,10.72,312,8,842943,0.81,1
6,2434268,54588,501817,83,72,22.8,286,1,1736758,0.21,0
18,4614679,211657,624109,96,56,27.2,548,8,1351504,0.14,0
18,2803087,109152,732382,91,79,18.22,495,6,1795219,0.26,0
5,4018362,137872,384691,57,78,27.51,971,8,749188,0.1,1
7,1483596,282263,904609,51,57,14.08,968,3,1395549,0.61,1
2,249892,348037,978793,70,59,26.21,470,6,1321221,3.92,1
11,545535,26167,168482,64,82,12.75,917,0,573452,0.31,0
13,3601944,197575,353126,55,69,28.42,304,7,522373,0.1,0
5,3318113,120782,444518,54,78,29.92,332,6,1228396,0.13,0
6,1407935,140775,414919,52,78,28.93,181,6,752366,0.29,1
14,983059,44889,830623,92,70,11.46,609,1,1243105,0.84,0
12,2422854,317822,249526,92,50,25.83,141,9,1464106,0.1,0
4,4467831,236406,316256,65,100,21.16,500,8,1483759,0.07,1
6,3492239,70262,11399,84,83,34.58,131,7,1594417,0.0,0
10,1115108,145753,890797,58,93,15.85,258,0,1028993,0.8,0
18,2584272,90291,12685,84,81,28.14,229,0,1625001,0.0,0
15,3166227,76008,349921,68,94,16.1,368,4,1134572,0.11,0
8,3020377,257547,790919,92,63,16.91,530,1,591743,0.26,0
9,1618351,239489,948329,95,86,8.33,21,0,964827,0.59,0
5,3926713,298056,663110,83,84,12.19,911,9,1946023,0.17,1
10,794670,278617,443445,88,73,9.93,734,7,1127014,0.56,1
20,1003083,182370,607508,59,98,9.78,818,3,859343,0.61,1
6,380116,371644,1353838,59,50,5.27,648,1,446704,3.56,1
16,4408937,310929,1108191,69,95,28.81,900,4,1554888,0.25,0
3,4473468,110956,1300985,50,55,19.04,480,5,1436282,0.29,1
10,987001,204499,646157,55,98,29.13,831,7,441882,0.65,1
11,4517729,203073,936417,95,53,23.38,914,6,1084063,0.21,0
11,495182,202796,887996,51,87,29.94,877,6,1860092,1.79,1
17,1428736,391150,704875,87,50,20.11,971,0,125848,0.49,0
4,1452825,282976,1095918,82,90,7.82,501,2,1346963,0.75,0
4,2502690,155780,374160,52,80,23.5,969,2,1068356,0.15,0
17,922153,354891,770893,85,85,25.33,968,6,1652218,0.84,0
9,3812730,352251,1231832,62,58,23.8,645,1,1197124,0.32,0
19,3646010,201134,846938,84,90,29.04,605,9,1992159,0.23,0
5,2769395,337572,840720,64,94,26.94,991,6,243608,0.3,1
6,3532951,358987,777156,94,72,17.98,260,8,357150,0.22,0
3,3194324,21002,124939,71,80,29.57,833,0,1618679,0.04,0
1,511416,339645,288766,92,78,25.75,73,1,557772,0.56,0
20,337980,42556,835141,53,98,8.61,690,5,300591,2.47,1
16,2701212,77963,944974,66,70,21.2,486,1,212409,0.35,0
11,4620605,231746,1210537,54,52,26.86,128,1,862879,0.26,1
13,1024765,16563,1189872,70,75,21.6,299,4,966549,1.16,1
10,1107651,220995,136537,73,55,33.47,684,6,1983038,0.12,1
3,1593749,277984,868850,80,69,8.04,694,3,836666,0.55,0
9,1550417,25154,97739,89,96,26.67,76,5,107385,0.06,0
12,1190391,34194,1273128,79,95,29.73,859,2,1205322,1.07,0
14,4449367,206092,226445,91,62,26.08,856,3,908974,0.05,0
1,787069,187933,1072912,56,90,16.57,233,3,1264089,1.36,1
18,4147061,163520,1093340,98,72,16.56,527,3,807918,0.26,0
17,3356366,295672,490548,56,64,22.6,47,0,1102198,0.15,0
9,2515138,276496,1093996,76,95,16.91,223,3,1726648,0.43,0
9,4615972,272328,482974,73,80,31.5,564,3,1566859,0.1,0
10,4909822,286463,1152957,68,53,8.3,328,5,372195,0.23,0
19,749666,130497,631884,90,60,24.17,653,8,274371,0.84,1
15,4183027,161521,812879,83,51,9.02,547,9,1670932,0.19,1
5,1366747,328477,135105,71,65,21.2,685,5,780527,0.1,0
15,4084817,313349,973356,100,100,26.47,927,5,1053006,0.24,0
20,4982969,20426,1069073,76,80,9.97,362,6,1991047,0.21,0
2,4973283,279648,1128290,55,97,26.12,237,6,1115610,0.23,1
13,3335392,199281,1175468,59,88,9.2,636,0,1346676,0.35,0
16,2259417,126775,203154,94,92,23.62,608,7,469587,0.09,0
15,4388432,43368,938482,80,93,20.17,106,0,978119,0.21,0
10,2608359,252625,764227,74,53,13.94,50,8,1804618,0.29,1
14,2032760,113841,143954,51,97,8.35,119,3,1829140,0.07,0
10,2642367,388888,1004824,59,77,27.08,686,8,489712,0.38,1
14,2739065,221293,986354,59,65,16.45,823,7,1300514,0.36,1
9,4988875,266083,1298296,75,88,7.6,334,8,933094,0.26,1
14,2356719,18724,846302,54,74,28.18,514,5,121131,0.36,1
3,2226091,175882,673955,71,62,11.99,637,8,806752,0.3,1
20,1390334,354441,215363,53,54,27.09,490,3,1324362,0.15,0
16,4300681,397243,1146423,83,79,21.95,761,2,1115908,0.27,0
2,3931622,88872,195110,56,50,10.84,534,2,1805029,0.05,0
10,916079,80333,1290879,99,54,7.29,753,7,1227597,1.41,1
3,3287686,209915,1406854,66,63,22.8,652,1,1683547,0.43,0
11,1154227,239176,428665,60,60,5.76,691,5,1758556,0.37,1
11,3113461,12596,411855,99,83,6.96,802,8,760694,0.13,1
13,4643769,289311,962874,57,78,26.07,350,8,854200,0.21,1
7,2521741,97844,729988,77,67,21.17,213,7,1781026,0.29,0
17,2835466,258139,1120494,93,64,14.79,749,7,463203,0.4,1
2,4272476,99751,435926,82,95,21.18,210,0,436190,0.1,0
12,4689929,139817,185123,74,74,22.75,271,6,312253,0.04,1
10,4221340,90520,191711,70,79,21.96,757,0,819072,0.05,0
18,3598499,68326,3159,61,94,24.28,20,8,1303548,0.0,0
11,258031,87670,857624,75,51,33.21,478,2,1048611,3.32,1
16,2118135,151854,329132,78,100,16.66,664,0,418804,0.16,0
17,2651550,183074,1329426,87,89,14.03,109,7,142822,0.5,1
19,2281552,228259,1451654,84,76,6.15,537,6,855191,0.64,1
18,4736672,34022,796651,86,98,9.41,502,1,1959654,0.17,0
3,2384847,94458,1399737,95,64,8.19,775,6,154400,0.59,1
16,1378642,158317,1345256,93,81,15.06,664,4,1476699,0.98,0
6,2841532,93796,1382352,94,69,23.3,135,6,1983425,0.49,1
12,4311932,120704,758849,94,63,6.39,92,9,600098,0.18,1
11,1830969,232869,473212,78,76,26.83,175,6,949937,0.26,0
15,1934441,316505,1344657,98,52,16.92,742,1,1219786,0.7,1
15,1452876,310430,1069670,73,98,33.91,88,1,1252075,0.74,0
16,4685003,39533,125312,64,52,22.05,490,6,1202376,0.03,0
10,2893374,242033,104894,55,62,28.14,511,2,1977979,0.04,0
12,3160841,159388,641406,81,74,30.84,319,3,1307145,0.2,0
13,2792859,149771,683284,93,67,31.67,163,6,850956,0.24,0
4,2118715,220563,869757,83,50,20.55,730,1,275383,0.41,0
7,691513,137441,970653,85,88,16.9,225,1,1361847,1.4,1
2,2377890,369223,1382165,69,54,21.82,937,8,1149346,0.58,1
15,4730044,110960,31854,61,51,17.06,732,0,711770,0.01,0
8,4524917,68465,60796,84,79,12.22,770,2,412249,0.01,0
7,4467905,157745,1380152,98,66,14.72,426,9,522216,0.31,1
15,3375601,295539,1238616,87,78,11.98,958,3,1412279,0.37,0
14,1940584,114162,1025181,66,91,13.08,599,4,1671323,0.53,0
8,3417196,140704,1121151,76,53,7.81,702,2,979041,0.33,0
12,4066217,164779,110380,66,58,17.79,941,8,1725462,0.03,1
13,337405,85937,286243,60,70,12.06,316,4,537543,0.85,1
11,321173,139647,462422,88,92,18.45,601,6,455803,1.44,1
17,246638,130650,1157447,51,61,28.77,818,6,631270,4.69,1
17,1362496,227804,774079,100,61,18.45,548,8,1822760,0.57,1
4,2707413,197488,1325749,51,99,33.64,156,1,1509132,0.49,0
8,4041829,363656,1473603,78,53,9.44,238,2,743430,0.36,1
5,4351538,149830,15793,94,77,30.51,842,3,633435,0.0,0
16,2305039,77009,1358826,73,58,12.45,537,7,500294,0.59,1
4,2264798,269188,347806,73,89,33.02,729,0,1496000,0.15,0
15,3050418,255340,215836,65,100,11.81,467,8,1233985,0.07,1
12,3319810,42548,477347,80,81,27.41,151,4,690141,0.14,0
5,1021929,28371,1442764,98,62,6.86,382,3,460788,1.41,1
16,3972217,378121,393576,92,83,23.89,982,7,867292,0.1,0
14,2227842,160716,657992,58,68,11.56,363,8,792572,0.3,1
10,934459,234731,80882,76,63,25.11,715,2,970426,0.09,0
7,2587842,164946,900290,90,54,24.07,37,3,1796381,0.35,0
13,2506648,24281,149080,63,76,32.71,435,0,145456,0.06,0
20,2989850,261060,601944,94,77,23.8,744,2,819163,0.2,0
5,1676075,110020,423499,74,75,17.25,579,9,1957070,0.25,1
3,2903934,117508,663178,92,59,10.81,560,4,1193999,0.23,0
15,3817114,76846,1079155,93,73,24.72,947,7,1519606,0.28,1
4,508710,366826,196092,71,66,8.49,172,0,1793036,0.39,0
15,4741912,301456,637492,84,65,29.86,351,0,439860,0.13,0
14,4103869,386330,1326985,82,66,12.42,769,2,1391143,0.32,0
20,4476295,276401,397534,76,50,20.72,338,8,1293032,0.09,1
19,2651976,36558,907043,89,70,22.88,796,8,112128,0.34,1
13,3397860,53188,428297,75,96,15.87,218,0,374617,0.13,0
10,2552221,154084,1238297,68,98,24.92,545,3,336355,0.49,0
5,4880018,43236,510332,94,92,12.51,807,7,1150942,0.1,0
20,2980596,55076,506568,88,71,6.04,999,1,651866,0.17,0
20,4240015,320546,209742,94,54,33.78,29,3,1063153,0.05,0
6,3437355,366611,1415688,75,85,14.6,158,6,1950335,0.41,0
4,322772,173148,898118,55,70,26.4,186,6,1084605,2.78,1
2,4277411,90337,76377,52,58,20.23,166,4,1599928,0.02,0
16,1177469,125827,353815,55,76,25.07,422,6,988440,0.3,1
18,1507589,84264,143499,77,97,8.33,776,5,1110016,0.1,0
5,4196228,289479,1482043,52,61,20.57,958,1,616450,0.35,0
4,1665741,263772,1279315,62,67,16.77,464,8,1054473,0.77,1
13,906412,53773,626551,62,84,18.56,89,4,997441,0.69,1
19,3001329,193230,1466957,62,64,33.99,347,1,964177,0.49,0
2,491799,300714,984789,50,99,9.09,852,5,375073,2.0,1
13,388874,97995,645647,89,93,27.64,938,9,1814380,1.66,1
11,2508436,50658,1409564,86,79,14.91,635,4,1026260,0.56,0
4,673818,392784,335314,80,94,13.71,248,1,1020957,0.5,0
20,4329014,344757,862582,66,82,13.12,847,9,1852360,0.2,1
20,3235865,330338,1335586,58,85,15.46,669,9,1584054,0.41,1
15,4083424,208579,796714,94,89,15.71,338,6,1720156,0.2,0
4,4637022,384016,151391,62,100,13.12,917,9,1699190,0.03,1
9,917167,186660,954230,86,79,25.02,55,1,1659070,1.04,0
7,2844526,380702,648423,63,75,6.43,649,6,1312673,0.23,1
19,3431365,261953,120019,60,70,14.97,274,5,1949796,0.03,0
19,4028295,78582,1263225,74,86,13.41,332,3,290011,0.31,0
6,4763782,202815,1372642,80,92,27.54,981,3,810733,0.29,0
6,1924833,153775,1316905,63,80,9.39,354,5,887478,0.68,1
20,787371,59456,348492,56,66,33.22,39,8,1286294,0.44,1
15,3440756,65491,91368,73,66,10.12,317,9,1986392,0.03,1
15,2113514,280187,187461,98,83,16.1,40,5,159938,0.09,0
20,862643,375356,782190,85,73,10.99,497,5,677517,0.91,1
9,3964040,250003,1328143,91,82,13.6,787,0,1373344,0.34,0
4,3860880,340484,1099844,91,53,27.83,779,4,1600776,0.28,0
18,407627,151248,1161268,96,58,19.29,491,0,1043791,2.85,1
18,3846277,41174,1483436,93,51,9.88,981,8,321351,0.39,1
5,1792210,354776,357345,90,84,6.4,697,9,724445,0.2,0
20,3118634,360912,468741,52,87,11.9,489,3,1652142,0.15,0
11,4084485,397919,118222,96,94,33.37,368,1,1838772,0.03,0
5,2191226,118177,875022,93,64,30.36,786,8,550951,0.4,1
4,1630360,35909,423693,75,92,18.21,609,5,750118,0.26,1
12,1029119,54158,1171518,96,91,19.46,984,9,736008,1.14,1
2,2097871,149438,543864,75,52,31.98,811,2,1385409,0.26,0
13,4385011,226197,381785,50,80,22.74,813,1,1408280,0.09,0
10,2690959,195409,455919,64,90,31.42,405,5,695647,0.17,0
9,1254853,396440,681066,60,91,19.76,961,9,519241,0.54,1
10,3586243,331475,210926,86,72,11.0,896,5,1670799,0.06,1
7,1969819,271484,217267,56,61,26.78,565,8,1053524,0.11,1
4,486885,253990,1425762,61,57,20.79,465,4,1509375,2.93,1
19,4776168,213114,441652,87,70,25.05,956,8,1642368,0.09,0
10,3645083,158530,148044,52,70,9.72,118,4,775781,0.04,0
3,1735410,97367,145120,91,81,24.43,674,1,1173385,0.08,0
19,549760,337526,1147484,75,66,16.47,74,0,681897,2.09,1
2,1939549,84319,370868,79,86,14.96,22,8,772601,0.19,0
20,1436664,283314,237741,81,73,25.14,351,9,1064921,0.17,1
10,4613905,129952,1128801,85,57,22.77,953,6,1534098,0.24,1
2,3030434,90145,1392993,94,67,24.47,454,2,895500,0.46,0
2,496177,272139,1174746,100,60,33.96,932,5,951161,2.37,1
17,3606433,377770,480570,86,59,26.04,505,9,1175410,0.13,1
16,3800937,229643,885169,67,75,24.23,238,3,694018,0.23,0
16,212938,288352,882969,50,96,23.41,230,8,1240332,4.15,1
14,1379418,176250,581890,70,55,16.96,836,1,441379,0.42,0
7,1194199,220244,27182,77,100,30.18,515,3,1724408,0.02,0
11,2119398,150111,994877,97,66,16.43,680,0,1479580,0.47,0
1,3814962,24990,1357779,65,72,26.01,251,6,143911,0.36,1
11,3445100,147513,402003,97,91,13.79,619,3,1341611,0.12,0
4,3622578,139327,786825,77,86,9.43,939,4,401173,0.22,0
7,1385622,351458,143128,71,77,8.89,742,0,225527,0.1,0
15,4392907,299006,454699,68,65,24.04,754,1,580087,0.1,0
18,745501,366093,1026200,97,61,14.84,827,3,1568624,1.38,1
12,4086101,140223,421645,50,70,13.25,167,1,625720,0.1,0
17,4142571,276100,315050,80,73,22.76,226,0,1411200,0.08,0
1,2212236,213161,1015261,91,77,5.77,379,9,747167,0.46,1
11,1711602,360933,1397010,83,86,12.39,438,0,954938,0.82,0
1,2546118,361595,830821,95,70,15.22,963,5,265505,0.33,0
15,4839596,127782,283049,89,82,26.25,758,1,1987414,0.06,0
10,3665495,274509,581845,55,51,21.35,436,2,1293913,0.16,0
7,1278290,344348,1427534,77,86,30.68,891,4,698432,1.12,0
2,889746,329216,761994,52,68,15.04,715,2,828146,0.86,1
10,3717155,62499,757624,80,77,13.89,572,5,1789853,0.2,0
4,4711496,267023,197271,65,64,6.0,201,6,100944,0.04,1
12,555439,341355,702661,66,50,33.55,575,9,1969828,1.27,1
19,4406330,153979,609040,93,92,20.04,229,5,1028046,0.14,0
11,1881063,158408,1489051,76,77,20.08,868,1,1221815,0.79,0
8,3180858,357364,791006,100,99,32.7,987,8,847128,0.25,0
18,488988,365991,1399011,73,84,13.7,269,1,422142,2.86,1
11,4286679,193403,782262,69,81,14.96,531,5,855115,0.18,0
11,2649711,381603,974280,81,77,24.69,615,8,569955,0.37,1
13,4449012,349899,1005716,84,58,28.56,158,8,1716607,0.23,1
3,2754293,340927,480313,62,73,25.98,250,1,861582,0.17,0
12,1824438,211023,286881,97,53,28.66,929,8,1162541,0.16,1
3,2709180,193581,1140188,92,94,22.25,957,7,382531,0.42,0
10,4056397,399995,71082,69,90,30.88,994,6,1969362,0.02,0
17,2207708,278616,414496,97,52,21.5,31,7,1722405,0.19,0
2,1503027,375296,1278137,51,97,11.88,999,9,1414448,0.85,1
17,639844,168352,1331757,53,71,21.25,292,7,682481,2.08,1
